"","Cluster_ID","CDR3","Patient","Count","Frequency","Stage","Age","Age_bin","Chao1","Freq","Pat_Freq"
"205",15350,"CVVNTSPGKLIF","BOB2757WB_1",1,9.37954321624536e-06,0,57,"old",22756.23533,1,3
"206",15350,"CVVNTTPGKLIF","BOB3369WB_1",4,8.04117079446767e-05,0,47,"old",13300.17612,1,3
"207",15350,"CVVNSSPGKLIF","BOB7104WB_1",1,1.95710036010646e-05,0,49,"old",7215.55348,1,3
"208",15397,"CAASGSPRQLTF","BOB15650_2",1,2.89243050935701e-05,0,57,"old",9766.061844,1,3
"209",15397,"CVVSGSPRQLTF","BOB17208_2",1,2.09779940842057e-05,0,63,"old",15138.83703,1,3
"210",15397,"CAQTGSPRQLTF","BOB9475_2",1,2.6356017078699e-05,0,54,"old",9510.290686,1,3
"260",17913,"CAASVWDGSRLTF","BOB21287WB_1",5,0.000133822230548938,0,65,"old",11758.33423,1,3
"261",17913,"CAMSAWDGSRLTF","BOB4006WB_1",3,3.97093277210816e-05,0,67,"old",19225.5571,1,3
"262",17913,"CAMSLWDGSRLTF","BOB4313WB_1",3,7.49269462274282e-05,0,67,"old",8534.170423,1,3
"287",19636,"CAASPLRGSRLTF","BOB3855WB_1",4,8.93834774641907e-05,0,49,"old",13676.65779,1,3
"288",19636,"CAVSPLRASRLTF","BOB8927_2",5,0.000403453562494957,0,64,"old",4422.335208,1,3
"289",19636,"CAVSPMRGSRLTF","BOB2411WB_1",3,0.000112237644505967,0,55,"old",6405.513172,1,3
"487",31934,"CALLGQKVTF","BOB6828WB_1",8,0.000289487968156323,0,56,"old",3937.432692,1,3
"488",31934,"CAFIGQKVTF","BOB11125_2",3,0.000344867226117944,0,50,"old",9172.838863,1,3
"489",31934,"CADIGQKVTF","BOB4120WB_1",1,5.6072670180554e-05,0,46,"old",5181.501034,1,3
"1",104,"CAARPTISARQLTF","BOB3518WB_1",3,0.000113408687105432,0,57,"old",6846.26618,1,2
"2",104,"CAVRPTVSARQLTF","BOB13692_3",2,8.41786270465928e-05,0,66,"old",6528.658895,1,2
"17",370,"CAVRDKISARQLTF","BOB2757WB_1",3,2.81386296487361e-05,0,57,"old",22756.23533,1,2
"18",370,"CAVRDSISARQLTF","BOB0468WB_1",4,0.00125,0,57,"old",603.0238095,1,2
"19",383,"CAVSGTGGSCIPTF","BOB16401_2",1,2.5579372793779e-05,0,51,"old",14591.29598,1,2
"20",383,"CVVSGAGGSCIPTF","BOB3855WB_1",2,4.46917387320953e-05,0,49,"old",13676.65779,1,2
"21",391,"CAVTPVGRTYKYIF","BOB9211_3",7,0.000372479114563933,0,72,"old",6405.873664,1,2
"22",391,"CVVTPAGRTYKYIF","BOB2411WB_1",2,7.48250963373115e-05,0,55,"old",6405.513172,1,2
"23",593,"CAARWGDNTDKLIF","BOB17208_2",5,0.000104889970421028,0,63,"old",15138.83703,1,2
"24",593,"CAARYGDNTDKLIF","BOB4986_3",1,2.92860071457857e-05,0,48,"old",8936.411273,1,2
"25",612,"CAASTPREGNKLVF","BOB13692_3",2,8.41786270465928e-05,0,66,"old",6528.658895,1,2
"26",612,"CAASTPRRGNKLTF","BOB2757WB_1",2,1.87590864324907e-05,0,57,"old",22756.23533,1,2
"27",621,"CAATPRPAGNMLTF","BOB3518WB_1",3,0.000113408687105432,0,57,"old",6846.26618,1,2
"28",621,"CAETPRPAGNMLTF","BOB21581WB_1",4,0.000169513073695809,0,59,"old",6746.737785,1,2
"29",785,"CAVGPTIGGFKAIF","BOB2757WB_1",1,9.37954321624536e-06,0,57,"old",22756.23533,1,2
"30",785,"CAVGPTIGGFKTIF","BOB2757WB_1",6,5.62772592974722e-05,0,57,"old",22756.23533,1,2
"31",785,"CAVSPTIGGFKTIF","BOB16364_2",6,0.000229937916762474,0,48,"old",8264.751418,1,2
"32",1492,"CAYRPLFNDYKLSF","BOB8902_2",4,0.000152172258997185,0,51,"old",10553.023,1,2
"33",1492,"CIVRPLFNDYKLSF","BOB4006WB_1",1,1.32364425736938e-05,0,67,"old",19225.5571,1,2
"34",1800,"CALSDMGDTDKLIF","BOB2757WB_1",14,0.000131313605027435,0,57,"old",22756.23533,1,2
"35",1800,"CAASDIGDTDKLIF","BOB7104WB_1",6,0.000117426021606387,0,49,"old",7215.55348,1,2
"36",1828,"CAVRRRWNNARLMF","BOB16401_2",1,2.5579372793779e-05,0,51,"old",14591.29598,1,2
"37",1828,"CAYRRRWNNARLMF","BOB3369WB_1",1,2.01029269861691e-05,0,47,"old",13300.17612,1,2
"40",2205,"CAMSDSEEDDKIIF","BOB4093WB_1",11,0.000563582334255559,0,48,"old",5280.069432,1,2
"41",2205,"CALSDGEEDDKIIF","BOB11125_2",2,0.000229911484078629,0,50,"old",9172.838863,1,2
"44",2350,"CAAMGMVGNTPLVF","BOB3369WB_1",2,4.02058539723383e-05,0,47,"old",13300.17612,1,2
"45",2350,"CAAMGVVGNTPLVF","BOB11117_2",1,0.000378357926598562,0,54,"old",3234.02445,1,2
"46",2536,"CAVRWGSFGNVLHC","BOB2757WB_1",6,5.62772592974722e-05,0,57,"old",22756.23533,1,2
"47",2536,"CAVKWGSFGNVLHC","BOB4093WB_1",1,5.12347576595963e-05,0,48,"old",5280.069432,1,2
"48",2665,"CAMIRAPGAQKLVF","BOB4006WB_1",3,3.97093277210816e-05,0,67,"old",19225.5571,1,2
"49",2665,"CAAIRGPGAQKLVF","BOB3855WB_1",6,0.000134075216196286,0,49,"old",13676.65779,1,2
"50",2674,"CALSFTTGAQKLVF","BOB16364_2",5,0.000191614930635395,0,48,"old",8264.751418,1,2
"51",2674,"CAASFSTGAQKLVF","BOB4313WB_1",1,2.4975648742476e-05,0,67,"old",8534.170423,1,2
"52",2689,"CAMWGSQGAQKLVF","BOB17208_2",3,6.2933982252617e-05,0,63,"old",15138.83703,1,2
"53",2689,"CAGWGGQGAQKLVF","BOB2411WB_1",4,0.000149650192674623,0,55,"old",6405.513172,1,2
"54",2782,"CAVTREVRDDKIIF","BOB22606WB_1",2,5.85685838116434e-05,0,71,"old",9249.711807,1,2
"55",2782,"CVVSREIRDDKIIF","BOB21287WB_1",4,0.000107057784439151,0,65,"old",11758.33423,1,2
"62",3628,"CATDVGGPTDKLIF","BOB21581WB_1",4,0.000169513073695809,0,59,"old",6746.737785,1,2
"63",3628,"CAENIGGPTDKLIF","BOB7104WB_1",6,0.000117426021606387,0,49,"old",7215.55348,1,2
"68",4223,"CAPPFVGSASKIIF","BOB16364_2",4,0.000153291944508316,0,48,"old",8264.751418,1,2
"69",4223,"CAVPLVGSASKIIF","BOB3855WB_1",4,8.93834774641907e-05,0,49,"old",13676.65779,1,2
"70",4225,"CAVGPLRSASKIIF","BOB21287WB_1",3,8.02933383293632e-05,0,65,"old",11758.33423,1,2
"71",4225,"CAVSPLRSASKIIF","BOB16401_2",1,2.5579372793779e-05,0,51,"old",14591.29598,1,2
"72",4411,"CAVNAELNDYKLSF","BOB4313WB_1",5,0.00012487824371238,0,67,"old",8534.170423,1,2
"73",4411,"CAVNAQLNDYKLSF","BOB3369WB_1",6,0.000120617561917015,0,47,"old",13300.17612,1,2
"76",4924,"CAVQAHITGNQFYF","BOB3369WB_1",5,0.000100514634930845,0,47,"old",13300.17612,1,2
"77",4924,"CAENAHITGNQFYF","BOB6817WB_1",11,0.000189782784976104,0,46,"old",7153.906445,1,2
"78",5269,"CVVRKHEGYQKVTF","BOB9475_2",2,5.27120341573981e-05,0,54,"old",9510.290686,1,2
"79",5269,"CALRKREGYQKVTF","BOB13692_3",1,4.20893135232964e-05,0,66,"old",6528.658895,1,2
"80",5339,"CIVRVAYGYSTLTF","BOB3369WB_1",6,0.000120617561917015,0,47,"old",13300.17612,1,2
"81",5339,"CIVRVAYGYSTLTF","BOB9259_2",4,0.000451620187422377,0,58,"old",2856.927536,1,2
"82",5442,"CAVRDSPAGNKLTF","BOB4006WB_1",2,2.64728851473877e-05,0,67,"old",19225.5571,1,2
"83",5442,"CAARDTPAGNKLTF","BOB9480_2",1,2.139357764799e-05,0,49,"old",15100.64714,1,2
"84",5450,"CAASGPEAGNKLTF","BOB5810WB_1",6,0.000381995288724772,0,53,"old",4462.586294,1,2
"85",5450,"CAVGGPEAGNKLVF","BOB2411WB_1",2,7.48250963373115e-05,0,55,"old",6405.513172,1,2
"86",5486,"CAVAKRSAGNKLTF","BOB4022WB_1",3,0.000187324383390571,0,55,"old",5374.628709,1,2
"87",5486,"CALAKRTAGNKLTF","BOB21287WB_1",1,2.67644461097877e-05,0,65,"old",11758.33423,1,2
"92",5806,"CAFINRAGFGNVLHC","BOB15650_2",1,2.89243050935701e-05,0,57,"old",9766.061844,1,2
"93",5806,"CAGINRGGFGNVLHC","BOB6867WB_1",5,0.000152825748082037,0,48,"old",3895.803419,1,2
"98",5972,"CATDTPGASGSRLTF","BOB4006WB_1",3,3.97093277210816e-05,0,67,"old",19225.5571,1,2
"99",5972,"CATDTSGASGSRLTF","BOB2411WB_1",4,0.000149650192674623,0,55,"old",6405.513172,1,2
"106",6220,"CAASRFLQAGTALIF","BOB16364_2",2,7.6645972254158e-05,0,48,"old",8264.751418,1,2
"107",6220,"CAMTRYLQAGTALIF","BOB2757WB_1",11,0.000103174975378699,0,57,"old",22756.23533,1,2
"108",6224,"CAETWGLFGNEKLTF","BOB22600WB_1",2,6.39140994503387e-05,0,61,"old",3721.262849,1,2
"109",6224,"CVVSWGLFGNEKLTF","BOB4313WB_1",2,4.99512974849521e-05,0,67,"old",8534.170423,1,2
"112",6370,"CAARRSLTGFQKLVF","BOB6817WB_1",1,1.72529804523731e-05,0,46,"old",7153.906445,1,2
"113",6370,"CATERSLTGFQKLVF","BOB16273_2",2,6.3609185166338e-05,0,53,"old",9839.781657,1,2
"114",6370,"CAVRRSLTGFQKLVF","BOB6817WB_1",5,8.62649022618657e-05,0,46,"old",7153.906445,1,2
"117",6604,"CALSDFRGGTYKYIF","BOB7104WB_1",3,5.87130108031939e-05,0,49,"old",7215.55348,1,2
"118",6604,"CAVRDFRGGTYKYIF","BOB17208_2",3,6.2933982252617e-05,0,63,"old",15138.83703,1,2
"119",6730,"CAVNPRYNYGQNFVF","BOB9211_3",2,0.000106422604161124,0,72,"old",6405.873664,1,2
"120",6730,"CAYRPRYNYGQNFVF","BOB13692_3",3,0.000126267940569889,0,66,"old",6528.658895,1,2
"121",6857,"CIVRVDWGGADGLTF","BOB2757WB_1",2,1.87590864324907e-05,0,57,"old",22756.23533,1,2
"122",6857,"CVVNIDWGGADGLTF","BOB15650_2",1,2.89243050935701e-05,0,57,"old",9766.061844,1,2
"123",7249,"CVVEPDYFGNEKLTF","BOB6091WB_1",2,0.00010091326504869,0,53,"old",5327.857961,1,2
"124",7249,"CATDPDYFGNEKLTF","BOB8902_2",1,3.80430647492962e-05,0,51,"old",10553.023,1,2
"127",7290,"CAVRDRTPNDYKLSF","BOB16364_2",5,0.000191614930635395,0,48,"old",8264.751418,1,2
"128",7290,"CAVRDRTPNDYKLSF","BOB6934WB_1",2,0.000328893274132544,0,47,"old",1724.909774,1,2
"129",7680,"CAYRSAWVTGNQFYF","BOB17369_3",4,0.000160115283003762,0,48,"old",8891.664823,1,2
"130",7680,"CAYRSAWYTGNQFYF","BOB15650_2",6,0.00017354583056142,0,57,"old",9766.061844,1,2
"131",7759,"CAMRGVWGANSKLTF","BOB9084_2",3,0.000461112818936366,0,74,"old",2619.710106,1,2
"132",7759,"CAASGVWGANSKLTF","BOB11125_2",2,0.000229911484078629,0,50,"old",9172.838863,1,2
"133",7936,"CVVKTRYGTASKLTF","BOB17208_2",2,4.19559881684113e-05,0,63,"old",15138.83703,1,2
"134",7936,"CIVRTRFGTASKLTF","BOB9480_2",4,8.55743105919602e-05,0,49,"old",15100.64714,1,2
"137",8087,"CIVRAAQGGSGKLVF","BOB15650_2",2,5.78486101871402e-05,0,57,"old",9766.061844,1,2
"138",8087,"CAVREAQGGSGKLVF","BOB9480_2",1,2.139357764799e-05,0,49,"old",15100.64714,1,2
"139",8283,"CAGQLRSEYGNKLVF","BOB4093WB_1",2,0.000102469515319193,0,48,"old",5280.069432,1,2
"140",8283,"CAGQLRTEYGNKLVF","BOB16401_2",2,5.11587455875581e-05,0,51,"old",14591.29598,1,2
"141",8465,"CAAISWGGSNYKLTF","BOB21581WB_1",4,0.000169513073695809,0,59,"old",6746.737785,1,2
"142",8465,"CAVIMWGGSNYKLTF","BOB2335WB_1",2,0.000109890109890109,0,48,"old",3990.679817,1,2
"143",8471,"CAGEGSGGSNCKLTF","BOB2757WB_1",3,2.81386296487361e-05,0,57,"old",22756.23533,1,2
"144",8471,"CAARGSGGSNCKLTF","BOB17208_2",2,4.19559881684113e-05,0,63,"old",15138.83703,1,2
"145",8602,"CAVRPFPNRDDKIIF","BOB2411WB_1",3,0.000112237644505967,0,55,"old",6405.513172,1,2
"146",8602,"CAVNPFPNRDDKIIF","BOB4093WB_1",10,0.000512347576595963,0,48,"old",5280.069432,1,2
"147",8620,"CALSADWSNDYKLSF","BOB4006WB_1",8,0.000105891540589551,0,67,"old",19225.5571,1,2
"148",8620,"CAASATWSNDYKLSF","BOB16364_2",1,3.8322986127079e-05,0,48,"old",8264.751418,1,2
"149",8632,"CAATTFWGNTGKLIF","BOB16401_2",1,2.5579372793779e-05,0,51,"old",14591.29598,1,2
"150",8632,"CAATTLWGNTGKLIF","BOB17208_2",2,4.19559881684113e-05,0,63,"old",15138.83703,1,2
"151",9067,"CASRTVNTEAFF","BOB21581WB_1",1,4.23782684239522e-05,0,59,"old",6746.737785,1,2
"152",9067,"CASRTVNTEAFF","BOB8902_2",1,3.80430647492962e-05,0,51,"old",10553.023,1,2
"153",9138,"CAASNSFYKLSF","BOB22606WB_1",5,0.000146421459529108,0,71,"old",9249.711807,1,2
"154",9138,"CAMSSSFYKLSF","BOB17448_2",3,0.000100220485067147,0,66,"old",6678.496014,1,2
"155",9147,"CAASTPLGNLFF","BOB8927_2",4,0.000322762849995965,0,64,"old",4422.335208,1,2
"156",9147,"CVVNTPLGNLIF","BOB4006WB_1",1,1.32364425736938e-05,0,67,"old",19225.5571,1,2
"157",9149,"CAASVEYDKIIF","BOB17208_2",1,2.09779940842057e-05,0,63,"old",15138.83703,1,2
"158",9149,"CAPSVEYDKIIF","BOB4006WB_1",70,0.000926550980158572,0,67,"old",19225.5571,1,2
"167",9525,"CAASKGAGQFYF","BOB9211_3",4,0.000212845208322248,0,72,"old",6405.873664,1,2
"168",9525,"CAASKGSGQFYF","BOB4986_3",1,2.92860071457857e-05,0,48,"old",8936.411273,1,2
"169",9542,"CAEIGARGKLIF","BOB3518WB_1",11,0.000415831852719918,0,57,"old",6846.26618,1,2
"170",9542,"CIVLGARGKLIF","BOB4120WB_1",5,0.00028036335090277,0,46,"old",5181.501034,1,2
"171",9556,"CAGQTGANYLFF","BOB2411WB_1",1,3.74125481686557e-05,0,55,"old",6405.513172,1,2
"172",9556,"CAVETGANYLFF","BOB2335WB_1",1,5.49450549450549e-05,0,48,"old",3990.679817,1,2
"173",9603,"CLVGDPQFKTIF","BOB7104WB_1",4,7.82840144042586e-05,0,49,"old",7215.55348,1,2
"174",9603,"CLVGDPRFKTIF","BOB2757WB_1",3,2.81386296487361e-05,0,57,"old",22756.23533,1,2
"175",9752,"CVVNRYRNDMRF","BOB8902_2",1,3.80430647492962e-05,0,51,"old",10553.023,1,2
"176",9752,"CAENRYRDDMRF","BOB8927_2",5,0.000403453562494957,0,64,"old",4422.335208,1,2
"177",9934,"CAASRWTYKYIF","BOB2757WB_1",3,2.81386296487361e-05,0,57,"old",22756.23533,1,2
"178",9934,"CAASRWTYKYIF","BOB4006WB_1",3,3.97093277210816e-05,0,67,"old",19225.5571,1,2
"179",9954,"CAMREGVYDMRF","BOB4093WB_1",1,5.12347576595963e-05,0,48,"old",5280.069432,1,2
"180",9954,"CILREGVYDMRF","BOB7104WB_1",10,0.000195710036010646,0,49,"old",7215.55348,1,2
"181",9991,"CAYRSAGTPLVF","BOB9480_2",2,4.27871552959801e-05,0,49,"old",15100.64714,1,2
"182",9991,"CAYRSSGTPLVF","BOB6817WB_1",6,0.000103517882714238,0,46,"old",7153.906445,1,2
"183",10859,"CATAAENNRLAF","BOB2757WB_1",1,9.37954321624536e-06,0,57,"old",22756.23533,1,2
"184",10859,"CAMSAENNRLAF","BOB2335WB_1",1,5.49450549450549e-05,0,48,"old",3990.679817,1,2
"185",10874,"CAVRPLINDMRF","BOB16401_2",3,7.67381183813373e-05,0,51,"old",14591.29598,1,2
"186",10874,"CAGQPLINDMRF","BOB9480_2",3,6.41807329439702e-05,0,49,"old",15100.64714,1,2
"187",11132,"CAVNYANTPLVF","BOB21581WB_1",1,4.23782684239522e-05,0,59,"old",6746.737785,1,2
"188",11132,"CAVNYANTPLVF","BOB3518WB_1",1,3.78028957018107e-05,0,57,"old",6846.26618,1,2
"189",11644,"CAVFGRSYKLIF","BOB17208_2",1,2.09779940842057e-05,0,63,"old",15138.83703,1,2
"190",11644,"CATWGRSYKLIF","BOB5810WB_1",1,6.36658814541287e-05,0,53,"old",4462.586294,1,2
"191",12126,"CAARDYNEKLTF","BOB16273_2",5,0.000159022962915845,0,53,"old",9839.781657,1,2
"192",12126,"CILRDYSEKLVF","BOB3855WB_1",6,0.000134075216196286,0,49,"old",13676.65779,1,2
"193",12368,"CTGVRRGQNFVF","BOB15650_2",3,8.67729152807103e-05,0,57,"old",9766.061844,1,2
"194",12368,"CAPVRRGQNFVF","BOB11117_2",1,0.000378357926598562,0,54,"old",3234.02445,1,2
"195",12405,"CAARGTNTPLVF","BOB3855WB_1",2,4.46917387320953e-05,0,49,"old",13676.65779,1,2
"196",12405,"CSARGTNSPLHF","BOB2757WB_1",1,9.37954321624536e-06,0,57,"old",22756.23533,1,2
"197",12692,"CALPAGYGKLTF","BOB17208_2",4,8.39119763368227e-05,0,63,"old",15138.83703,1,2
"198",12692,"CAPPAGYGKLTF","BOB7104WB_1",1,1.95710036010646e-05,0,49,"old",7215.55348,1,2
"199",12934,"CAVDGSADKLIF","BOB9480_2",2,4.27871552959801e-05,0,49,"old",15100.64714,1,2
"200",12934,"CATDGTADKLIF","BOB17208_2",2,4.19559881684113e-05,0,63,"old",15138.83703,1,2
"201",13123,"CARGNYGQNLVF","BOB16401_2",1,2.5579372793779e-05,0,51,"old",14591.29598,1,2
"202",13123,"CIVGNYGQNIVF","BOB22606WB_1",2,5.85685838116434e-05,0,71,"old",9249.711807,1,2
"203",14982,"CAVYLPGTALIF","BOB17369_3",1,4.00288207509406e-05,0,48,"old",8891.664823,1,2
"204",14982,"CAMYLPGTALIF","BOB3518WB_1",1,3.78028957018107e-05,0,57,"old",6846.26618,1,2
"211",15547,"CVVNRVLGRLMF","BOB21401WB_1",3,0.000482858522452921,0,56,"old",2196.599783,1,2
"212",15547,"CGADRVLGRLYF","BOB17208_2",2,4.19559881684113e-05,0,63,"old",15138.83703,1,2
"213",15721,"CAVEPPGNVLHC","BOB16401_2",5,0.000127896863968895,0,51,"old",14591.29598,1,2
"214",15721,"CAVEPPGNVLHC","BOB9480_2",5,0.00010696788823995,0,49,"old",15100.64714,1,2
"215",15822,"CAVCGNDYKLSF","BOB4986_3",2,5.85720142915715e-05,0,48,"old",8936.411273,1,2
"216",15822,"CAACGNDYKLSF","BOB1400WB_1",1,2.416392808815e-05,0,59,"old",11671.71574,1,2
"217",16095,"CAVIVNADKLIF","BOB4313WB_1",4,9.99025949699043e-05,0,67,"old",8534.170423,1,2
"218",16095,"CVVILNADKLIF","BOB2411WB_1",1,3.74125481686557e-05,0,55,"old",6405.513172,1,2
"219",16225,"CAEGDPGNMLTF","BOB3518WB_1",2,7.56057914036215e-05,0,57,"old",6846.26618,1,2
"220",16225,"CLVGDPGNMLTF","BOB21287WB_1",2,5.35288922195755e-05,0,65,"old",11758.33423,1,2
"221",16296,"CAVEGHNYQLIW","BOB16401_2",2,5.11587455875581e-05,0,51,"old",14591.29598,1,2
"222",16296,"CAVEGYNYQLIW","BOB2757WB_1",3,2.81386296487361e-05,0,57,"old",22756.23533,1,2
"223",16466,"CAASTFVNTPLVF","BOB16364_2",6,0.000229937916762474,0,48,"old",8264.751418,1,2
"224",16466,"CALSVFVNTPLVF","BOB7104WB_1",9,0.000176139032409581,0,49,"old",7215.55348,1,2
"227",16565,"CALDGWGQGNLIF","BOB4120WB_1",2,0.000112145340361108,0,46,"old",5181.501034,1,2
"228",16565,"CATDAWGQGNLIF","BOB2757WB_1",2,1.87590864324907e-05,0,57,"old",22756.23533,1,2
"233",16692,"CAVAPPWNNRLAF","BOB8902_2",2,7.60861294985924e-05,0,51,"old",10553.023,1,2
"234",16692,"CAVGPPWNNRLAF","BOB7104WB_1",3,5.87130108031939e-05,0,49,"old",7215.55348,1,2
"247",16929,"CAFMTFYNNDLCF","BOB9480_2",1,2.139357764799e-05,0,49,"old",15100.64714,1,2
"248",16929,"CAFMTFYNNDMRF","BOB9480_2",7,0.00014975504353593,0,49,"old",15100.64714,1,2
"249",16929,"CAFMTIYNNDMRF","BOB9211_3",2,0.000106422604161124,0,72,"old",6405.873664,1,2
"250",17155,"CASSDRANTEAFF","BOB6817WB_1",1,1.72529804523731e-05,0,46,"old",7153.906445,1,2
"251",17155,"CASSDRANTEAFF","BOB7104WB_1",1,1.95710036010646e-05,0,49,"old",7215.55348,1,2
"252",17167,"CAVNLPWAGKSTF","BOB2757WB_1",2,1.87590864324907e-05,0,57,"old",22756.23533,1,2
"253",17167,"CGTDLPWAGKSTF","BOB21287WB_1",6,0.000160586676658726,0,65,"old",11758.33423,1,2
"256",17616,"CAVSVWRADGLTF","BOB21287WB_1",2,5.35288922195755e-05,0,65,"old",11758.33423,1,2
"257",17616,"CAASIFRADGLTF","BOB8902_2",5,0.000190215323746481,0,51,"old",10553.023,1,2
"258",17892,"CAVQSYLDDKIIF","BOB2757WB_1",3,2.81386296487361e-05,0,57,"old",22756.23533,1,2
"259",17892,"CAYRSFLDDKIIF","BOB22600WB_1",3,9.58711491755081e-05,0,61,"old",3721.262849,1,2
"263",18021,"CLVGDMRGQNFVF","BOB16401_2",3,7.67381183813373e-05,0,51,"old",14591.29598,1,2
"264",18021,"CLVGDIRGQNFVF","BOB4093WB_1",6,0.000307408545957578,0,48,"old",5280.069432,1,2
"265",18081,"CAVATPRTYKYIF","BOB17208_2",2,4.19559881684113e-05,0,63,"old",15138.83703,1,2
"266",18081,"CAGVTPRTYKYIF","BOB2757WB_1",3,2.81386296487361e-05,0,57,"old",22756.23533,1,2
"267",18250,"CAGPKAGGQNFVF","BOB16364_2",2,7.6645972254158e-05,0,48,"old",8264.751418,1,2
"268",18250,"CAAPKAGGQNFVF","BOB21287WB_1",1,2.67644461097877e-05,0,65,"old",11758.33423,1,2
"269",18359,"CAATHVGADGLTF","BOB16401_2",5,0.000127896863968895,0,51,"old",14591.29598,1,2
"270",18359,"CAASHVGADGLTF","BOB17369_3",4,0.000160115283003762,0,48,"old",8891.664823,1,2
"271",18477,"CIVRVAIRNQFYF","BOB16401_2",2,5.11587455875581e-05,0,51,"old",14591.29598,1,2
"272",18477,"CIVRVAIRNQFYF","BOB17208_2",5,0.000104889970421028,0,63,"old",15138.83703,1,2
"275",18856,"CATGAWRGNQFYF","BOB9084_2",2,0.000307408545957578,0,74,"old",2619.710106,1,2
"276",18856,"CADGAWKGNQFYF","BOB4006WB_1",1,1.32364425736938e-05,0,67,"old",19225.5571,1,2
"277",18876,"CAMSAFRGNQFYF","BOB21581WB_1",2,8.47565368479044e-05,0,59,"old",6746.737785,1,2
"278",18876,"CAMSAFRGNQFYF","BOB2757WB_1",4,3.75181728649814e-05,0,57,"old",22756.23533,1,2
"279",18877,"CAVQAIIGNQFYF","BOB22600WB_1",2,6.39140994503387e-05,0,61,"old",3721.262849,1,2
"280",18877,"CAVQAIIGNQFYF","BOB3369WB_1",1,2.01029269861691e-05,0,47,"old",13300.17612,1,2
"285",19252,"CASPLRGDDKIIF","BOB200148_2",2,0.00012742911755336,0,55,"old",4955.46765,1,2
"286",19252,"CVAPFRGDDKIIF","BOB17208_2",2,4.19559881684113e-05,0,63,"old",15138.83703,1,2
"290",19654,"CATDGGDGSRLTF","BOB16401_2",1,2.5579372793779e-05,0,51,"old",14591.29598,1,2
"291",19654,"CATDGGQGSRLTF","BOB15650_2",4,0.00011569722037428,0,57,"old",9766.061844,1,2
"292",20005,"CAASYTGYQKVTF","BOB9475_2",1,2.6356017078699e-05,0,54,"old",9510.290686,1,2
"293",20005,"CAVEYTGYQKVTF","BOB16364_2",5,0.000191614930635395,0,48,"old",8264.751418,1,2
"294",20347,"CAIPLPAGTALIF","BOB200148_2",6,0.000382287352660082,0,55,"old",4955.46765,1,2
"295",20347,"CATPLPAGTALIF","BOB9475_2",5,0.000131780085393495,0,54,"old",9510.290686,1,2
"296",20385,"CVVDLGEGQNFVF","BOB2335WB_1",7,0.000384615384615384,0,48,"old",3990.679817,1,2
"297",20385,"CASDLGSGQNFVF","BOB5810WB_1",4,0.000254663525816514,0,53,"old",4462.586294,1,2
"298",20434,"CAAKRGGGNDMRF","BOB16401_2",2,5.11587455875581e-05,0,51,"old",14591.29598,1,2
"299",20434,"CAVKEGGGNDMRF","BOB17369_3",2,8.00576415018813e-05,0,48,"old",8891.664823,1,2
"304",20750,"CAEKGPDGLTF","BOB4006WB_1",2,2.64728851473877e-05,0,67,"old",19225.5571,1,2
"305",20750,"CGARGPDGLTF","BOB8902_2",3,0.000114129194247889,0,51,"old",10553.023,1,2
"306",20845,"CAVDSNCQLIW","BOB2757WB_1",1,9.37954321624536e-06,0,57,"old",22756.23533,1,2
"307",20845,"CAVNSNCQLIW","BOB3369WB_1",2,4.02058539723383e-05,0,47,"old",13300.17612,1,2
"312",21031,"CAARGYSTPTF","BOB2411WB_1",1,3.74125481686557e-05,0,55,"old",6405.513172,1,2
"313",21031,"CALRGYSTPTF","BOB3855WB_1",7,0.000156421085562333,0,49,"old",13676.65779,1,2
"314",21034,"CAARQGFSFIF","BOB2757WB_1",7,6.56568025137175e-05,0,57,"old",22756.23533,1,2
"315",21034,"FGERQGFSFIF","BOB17208_2",6,0.000125867964505234,0,63,"old",15138.83703,1,2
"316",21086,"CALSDRPGLTF","BOB21581WB_1",2,8.47565368479044e-05,0,59,"old",6746.737785,1,2
"317",21086,"CVVSDRPGIIF","BOB17208_2",3,6.2933982252617e-05,0,63,"old",15138.83703,1,2
"318",21306,"CATDWANDMRF","BOB9480_2",1,2.139357764799e-05,0,49,"old",15100.64714,1,2
"319",21306,"CGTEWANDMRF","BOB4313WB_1",1,2.4975648742476e-05,0,67,"old",8534.170423,1,2
"320",21393,"CAIGWVQKLVF","BOB6091WB_1",4,0.000201826530097381,0,53,"old",5327.857961,1,2
"321",21393,"CIVGWIQKLVF","BOB4006WB_1",1,1.32364425736938e-05,0,67,"old",19225.5571,1,2
"322",22084,"CALSDQSKSTF","BOB6091WB_1",5,0.000252283162621726,0,53,"old",5327.857961,1,2
"323",22084,"CAASDRSKSTF","BOB6828WB_1",2,7.23719920390808e-05,0,56,"old",3937.432692,1,2
"326",23041,"CAGRLLNKFYF","BOB6867WB_1",5,0.000152825748082037,0,48,"old",3895.803419,1,2
"327",23041,"CAVRILNKFYF","BOB4006WB_1",1,1.32364425736938e-05,0,67,"old",19225.5571,1,2
"328",23085,"CAVGFRARLMF","BOB22606WB_1",1,2.92842919058217e-05,0,71,"old",9249.711807,1,2
"329",23085,"CAEGFKARLMF","BOB21287WB_1",3,8.02933383293632e-05,0,65,"old",11758.33423,1,2
"330",23087,"CAFMKPARLMF","BOB4093WB_1",3,0.000153704272978789,0,48,"old",5280.069432,1,2
"331",23087,"CAFMKPSRLTF","BOB9475_2",3,7.90680512360972e-05,0,54,"old",9510.290686,1,2
"332",23090,"CATDGAARLMF","BOB6867WB_1",6,0.000183390897698444,0,48,"old",3895.803419,1,2
"333",23090,"CAGDGAARLMF","BOB21581WB_1",1,4.23782684239522e-05,0,59,"old",6746.737785,1,2
"336",23093,"CALGGPARLMF","BOB2757WB_1",1,9.37954321624536e-06,0,57,"old",22756.23533,1,2
"337",23093,"CAVGGPARLMF","BOB17208_2",2,4.19559881684113e-05,0,63,"old",15138.83703,1,2
"338",23213,"CVVIPYNKLIF","BOB6091WB_1",3,0.000151369897573035,0,53,"old",5327.857961,1,2
"339",23213,"CVVVPYNKLIF","BOB4093WB_1",1,5.12347576595963e-05,0,48,"old",5280.069432,1,2
"340",23363,"CVVKARYKLSF","BOB22606WB_1",5,0.000146421459529108,0,71,"old",9249.711807,1,2
"341",23363,"CAAKARYKLSF","BOB3855WB_1",2,4.46917387320953e-05,0,49,"old",13676.65779,1,2
"342",23435,"CGAEKSQNFVF","BOB3518WB_1",8,0.000302423165614486,0,57,"old",6846.26618,1,2
"343",23435,"CAVERSQNFVF","BOB9480_2",1,2.139357764799e-05,0,49,"old",15100.64714,1,2
"344",23855,"CAVRDRYQLIW","BOB2411WB_1",1,3.74125481686557e-05,0,55,"old",6405.513172,1,2
"345",23855,"CAVRNRYQLIW","BOB6867WB_1",9,0.000275086346547666,0,48,"old",3895.803419,1,2
"346",24112,"CVLGAPYKYIF","BOB2335WB_1",1,5.49450549450549e-05,0,48,"old",3990.679817,1,2
"347",24112,"CAVGAPYKYIF","BOB16273_2",3,9.5413777749507e-05,0,53,"old",9839.781657,1,2
"348",24114,"CAVNPPYKYIF","BOB4120WB_1",3,0.000168218010541662,0,46,"old",5181.501034,1,2
"349",24114,"CVVNPPYKYIF","BOB2674WB_1",2,0.000244738130200685,0,54,"old",2798.710573,1,2
"350",24361,"CASRGGWQFYF","BOB2757WB_1",5,4.68977160812268e-05,0,57,"old",22756.23533,1,2
"351",24361,"CIVRGGYQFYF","BOB2335WB_1",5,0.000274725274725274,0,48,"old",3990.679817,1,2
"352",24373,"CAYRSSGQFYF","BOB8902_2",5,0.000190215323746481,0,51,"old",10553.023,1,2
"353",24373,"CAVRTSGQFYF","BOB15650_2",5,0.00014462152546785,0,57,"old",9766.061844,1,2
"354",24456,"CAALANEKLTF","BOB4986_3",1,2.92860071457857e-05,0,48,"old",8936.411273,1,2
"355",24456,"CAFLASEKLVF","BOB13692_3",5,0.000210446567616482,0,66,"old",6528.658895,1,2
"356",24550,"CAFMKRLGSNTGKLIF","BOB1400WB_1",9,0.00021747535279335,0,59,"old",11671.71574,1,2
"357",24550,"CAFMKRLGSNTGKLIF","BOB17369_3",3,0.000120086462252822,0,48,"old",8891.664823,1,2
"358",24681,"CAASAYFQDSNYQLIW","BOB17369_3",4,0.000160115283003762,0,48,"old",8891.664823,1,2
"359",24681,"CAMSAFFRDSNYQLIW","BOB22606WB_1",1,2.92842919058217e-05,0,71,"old",9249.711807,1,2
"360",24715,"CAASLLVLGFGNVLHC","BOB1400WB_1",6,0.0001449835685289,0,59,"old",11671.71574,1,2
"361",24715,"CVVSLLVLGFGNVLHC","BOB5810WB_1",3,0.000190997644362386,0,53,"old",4462.586294,1,2
"366",24843,"CALGPHQKTSYDKVIF","BOB9480_2",3,6.41807329439702e-05,0,49,"old",15100.64714,1,2
"367",24843,"CATDPHQKTSYDKVIF","BOB2757WB_1",7,6.56568025137175e-05,0,57,"old",22756.23533,1,2
"370",24927,"CAMREPEGEYGNKLVF","BOB4986_3",3,8.78580214373572e-05,0,48,"old",8936.411273,1,2
"371",24927,"CAMRETEGEYGNKLVF","BOB3518WB_1",2,7.56057914036215e-05,0,57,"old",6846.26618,1,2
"382",25387,"CAASDQGGSNDYKLSF","BOB4120WB_1",2,0.000112145340361108,0,46,"old",5181.501034,1,2
"383",25387,"CALSDPGGSNDYKLSF","BOB21581WB_1",1,4.23782684239522e-05,0,59,"old",6746.737785,1,2
"388",25764,"CAVAPSKEAAGNKLTF","BOB1400WB_1",3,7.249178426445e-05,0,59,"old",11671.71574,1,2
"389",25764,"CAVTPSKEAAGNKLTF","BOB4093WB_1",4,0.000204939030638385,0,48,"old",5280.069432,1,2
"390",25991,"CAMKGREKSSGDKLTF","BOB4313WB_1",1,2.4975648742476e-05,0,67,"old",8534.170423,1,2
"391",25991,"CVVTGREKSSGDKLTF","BOB2757WB_1",19,0.000178211321108662,0,57,"old",22756.23533,1,2
"394",26252,"CAASIPLGFGNEKLTF","BOB3518WB_1",1,3.78028957018107e-05,0,57,"old",6846.26618,1,2
"395",26252,"CAASIPLGFGNEKLTF","BOB6091WB_1",1,5.04566325243453e-05,0,53,"old",5327.857961,1,2
"396",26354,"CIVRVGRGSSASKIIF","BOB21401WB_1",5,0.000804764204088202,0,56,"old",2196.599783,1,2
"397",26354,"CIVRVARGSSASKIIF","BOB9480_2",7,0.00014975504353593,0,49,"old",15100.64714,1,2
"398",26440,"CALMSPGTGANSKLTF","BOB9211_3",1,5.32113020805619e-05,0,72,"old",6405.873664,1,2
"399",26440,"CAFMSPGNGANSKLTF","BOB2757WB_1",4,3.75181728649814e-05,0,57,"old",22756.23533,1,2
"400",26503,"CIVRVRQKTSYDKVIF","BOB9475_2",5,0.000131780085393495,0,54,"old",9510.290686,1,2
"401",26503,"CIVRVHQKTSYDKVIF","BOB3855WB_1",2,4.46917387320953e-05,0,49,"old",13676.65779,1,2
"402",26918,"CAASARVLGFGNVLHC","BOB9480_2",1,2.139357764799e-05,0,49,"old",15100.64714,1,2
"403",26918,"CAASRRVLGFGNVLHC","BOB21287WB_1",4,0.000107057784439151,0,65,"old",11758.33423,1,2
"404",26933,"CAMREAREGFGNVLHC","BOB17208_2",2,4.19559881684113e-05,0,63,"old",15138.83703,1,2
"405",26933,"CAMRETREGFGNVLHC","BOB4851WB_1",3,0.00127388535031847,0,49,"old",660.4237288,1,2
"406",27414,"CAENPRGSSGTYKYIF","BOB200148_2",1,6.37145587766804e-05,0,55,"old",4955.46765,1,2
"407",27414,"CAVNERGSSGTYKYIF","BOB16364_2",2,7.6645972254158e-05,0,48,"old",8264.751418,1,2
"408",27418,"CALAPEGASGTYKYIF","BOB3369WB_1",1,2.01029269861691e-05,0,47,"old",13300.17612,1,2
"409",27418,"CAVTPEGASGTYKYIF","BOB11125_2",1,0.000114955742039314,0,50,"old",9172.838863,1,2
"412",28032,"CLVGDKGGTGANNLFF","BOB21401WB_1",8,0.00128762272654112,0,56,"old",2196.599783,1,2
"413",28032,"CLVGDPGGTGANNLFF","BOB8902_2",2,7.60861294985924e-05,0,51,"old",10553.023,1,2
"414",28227,"CALISSLGGATNKLIF","BOB4006WB_1",2,2.64728851473877e-05,0,67,"old",19225.5571,1,2
"415",28227,"CAVISGLGGATNKLIF","BOB3855WB_1",3,6.7037608098143e-05,0,49,"old",13676.65779,1,2
"416",28473,"CAVKPPWSGGSYIPTF","BOB3369WB_1",1,2.01029269861691e-05,0,47,"old",13300.17612,1,2
"417",28473,"CAVNPPWSGGSYIPTF","BOB21287WB_1",11,0.000294408907207665,0,65,"old",11758.33423,1,2
"418",28951,"CAFSPPPLSGSARQLTF","BOB16273_2",3,9.5413777749507e-05,0,53,"old",9839.781657,1,2
"419",28951,"CAMSPPGLSGSARQLTF","BOB6817WB_1",8,0.000138023843618985,0,46,"old",7153.906445,1,2
"422",29082,"CAMREGPPGGNTGKLIF","BOB16401_2",1,2.5579372793779e-05,0,51,"old",14591.29598,1,2
"423",29082,"CAMREGPPPGNTGKLIF","BOB6934WB_1",3,0.000493339911198816,0,47,"old",1724.909774,1,2
"434",29282,"CAYRSDFYNTNAGKSTF","BOB16273_2",3,9.5413777749507e-05,0,53,"old",9839.781657,1,2
"435",29282,"CILRDDFFNTNAGKSTF","BOB17208_2",3,6.2933982252617e-05,0,63,"old",15138.83703,1,2
"440",30018,"CAFMKPHYTGTASKLTF","BOB21581WB_1",1,4.23782684239522e-05,0,59,"old",6746.737785,1,2
"441",30018,"CAFMKPQFTGTASKLTF","BOB22606WB_1",4,0.000117137167623286,0,71,"old",9249.711807,1,2
"442",30171,"CAVQALRDGGSQGNLIF","BOB2411WB_1",7,0.00026188783718059,0,55,"old",6405.513172,1,2
"443",30171,"CAVQALREGGSQGNLIF","BOB2757WB_1",10,9.37954321624536e-05,0,57,"old",22756.23533,1,2
"444",30206,"CAVKPPPDGGSQGNLIF","BOB7104WB_1",7,0.000136997025207452,0,49,"old",7215.55348,1,2
"445",30206,"CAVRPPPEGGSQGNLIF","BOB2757WB_1",5,4.68977160812268e-05,0,57,"old",22756.23533,1,2
"446",30256,"CAASAGLNNNAGNMLTF","BOB4022WB_1",2,0.00012488292226038,0,55,"old",5374.628709,1,2
"447",30256,"CALSAGLPNNAGNMLTF","BOB16401_2",2,5.11587455875581e-05,0,51,"old",14591.29598,1,2
"448",30275,"CIVRLPPDNNAGNMLTF","BOB4986_3",4,0.000117144028583143,0,48,"old",8936.411273,1,2
"449",30275,"CIVRLPSDNNAGNMLTF","BOB7104WB_1",11,0.000215281039611711,0,49,"old",7215.55348,1,2
"454",30362,"CAMSSPGVETSGSRLTF","BOB17208_2",4,8.39119763368227e-05,0,63,"old",15138.83703,1,2
"455",30362,"CADSDPGIETSGSRLTF","BOB9084_2",12,0.00184445127574547,0,74,"old",2619.710106,1,2
"458",30588,"CATAPPATNFGNEKLTF","BOB16364_2",2,7.6645972254158e-05,0,48,"old",8264.751418,1,2
"459",30588,"CATAPPNTNFGNEKLTF","BOB16401_2",1,2.5579372793779e-05,0,51,"old",14591.29598,1,2
"460",30604,"CAGAEFPSGGSNYKLTF","BOB9211_3",4,0.000212845208322248,0,72,"old",6405.873664,1,2
"461",30604,"CALGQFPSGGSNYKLTF","BOB4313WB_1",5,0.00012487824371238,0,67,"old",8534.170423,1,2
"462",30704,"CAVERSTSGGGADGLTF","BOB6828WB_1",9,0.000325673964175863,0,56,"old",3937.432692,1,2
"463",30704,"CGTERATAGGGADGLTF","BOB3518WB_1",4,0.000151211582807243,0,57,"old",6846.26618,1,2
"464",30764,"CAVILLLFSGGYNKLIF","BOB9480_2",2,4.27871552959801e-05,0,49,"old",15100.64714,1,2
"465",30764,"CALILIVFSGGYNKLIF","BOB21287WB_1",7,0.000187351122768514,0,65,"old",11758.33423,1,2
"468",30909,"CAVFLDRNAGNNRKLIW","BOB2757WB_1",3,2.81386296487361e-05,0,57,"old",22756.23533,1,2
"469",30909,"CAAYLKRNAGNNRKLIW","BOB4006WB_1",3,3.97093277210816e-05,0,67,"old",19225.5571,1,2
"470",30936,"AKSGNIPLVF","BOB3855WB_1",1,2.23458693660476e-05,0,49,"old",13676.65779,1,2
"471",30936,"CASGNIPLVF","BOB2674WB_1",2,0.000244738130200685,0,54,"old",2798.710573,1,2
"472",30949,"CAASGRGYIF","BOB21581WB_1",2,8.47565368479044e-05,0,59,"old",6746.737785,1,2
"473",30949,"CVVSGRGFYF","BOB9480_2",1,2.139357764799e-05,0,49,"old",15100.64714,1,2
"474",30965,"CAESIWGLTF","BOB16401_2",3,7.67381183813373e-05,0,51,"old",14591.29598,1,2
"475",30965,"CAVSVWGLRF","BOB15650_2",2,5.78486101871402e-05,0,57,"old",9766.061844,1,2
"476",31196,"CATDDRGLTF","BOB3855WB_1",2,4.46917387320953e-05,0,49,"old",13676.65779,1,2
"477",31196,"CAVEDRGLYF","BOB16401_2",4,0.000102317491175116,0,51,"old",14591.29598,1,2
"478",31211,"CALSGGGLTF","BOB2757WB_1",1,9.37954321624536e-06,0,57,"old",22756.23533,1,2
"479",31211,"CAVSGGGMRF","BOB6934WB_1",2,0.000328893274132544,0,47,"old",1724.909774,1,2
"480",31468,"CAVDIDALNF","BOB7104WB_1",14,0.000273994050414905,0,49,"old",7215.55348,1,2
"481",31468,"CGADIDALNF","BOB22600WB_1",2,6.39140994503387e-05,0,61,"old",3721.262849,1,2
"485",31695,"CAVNAPDMRF","BOB4006WB_1",4,5.29457702947755e-05,0,67,"old",19225.5571,1,2
"486",31695,"CAVNAPDMRF","BOB9480_2",4,8.55743105919602e-05,0,49,"old",15100.64714,1,2
"490",32210,"CAPPEGQFYF","BOB11125_2",1,0.000114955742039314,0,50,"old",9172.838863,1,2
"491",32210,"CAAPEGQFYF","BOB9480_2",5,0.00010696788823995,0,49,"old",15100.64714,1,2
"494",32864,"CLVAPARLMF","BOB9480_2",2,4.27871552959801e-05,0,49,"old",15100.64714,1,2
"495",32864,"CAVAPARLMF","BOB1400WB_1",1,2.416392808815e-05,0,59,"old",11671.71574,1,2
"496",33957,"CVLRRNMLTF","BOB16273_2",4,0.000127218370332676,0,53,"old",9839.781657,1,2
"497",33957,"CAYRRNMLTF","BOB6867WB_1",7,0.000213956047314852,0,48,"old",3895.803419,1,2
"498",34114,"CAASARQFYF","BOB6817WB_1",8,0.000138023843618985,0,46,"old",7153.906445,1,2
"499",34114,"CAMSAKQFYF","BOB6091WB_1",8,0.000403653060194762,0,53,"old",5327.857961,1,2
"502",34460,"CAVDTWGGDGGSQGNLIF","BOB9480_2",2,4.27871552959801e-05,0,49,"old",15100.64714,1,2
"503",34460,"CAVNSWGGDGGSQGNLIF","BOB6817WB_1",3,5.17589413571194e-05,0,46,"old",7153.906445,1,2
"504",34588,"CAVRDTAPASGGSYIPTF","BOB22606WB_1",3,8.78528757174651e-05,0,71,"old",9249.711807,1,2
"505",34588,"CAVRDTPPASGGSYIPTF","BOB21287WB_1",2,5.35288922195755e-05,0,65,"old",11758.33423,1,2
"511",34831,"CAVVGGLYNAGNNRKLIW","BOB8902_2",7,0.000266301453245073,0,51,"old",10553.023,1,2
"512",34831,"CPLVGGIFNAGNNRKLIW","BOB2757WB_1",5,4.68977160812268e-05,0,57,"old",22756.23533,1,2
"515",35158,"CALRILVGSGGGADGLTF","BOB15650_2",3,8.67729152807103e-05,0,57,"old",9766.061844,1,2
"516",35158,"CILRVLTGSGGGADGLTF","BOB17208_2",2,4.19559881684113e-05,0,63,"old",15138.83703,1,2
"517",35353,"CALSEALPLNYGGSQGNLIF","BOB6817WB_1",2,3.45059609047463e-05,0,46,"old",7153.906445,1,2
"518",35353,"CALSEALRLNYGGSQGNLIF","BOB17369_3",3,0.000120086462252822,0,48,"old",8891.664823,1,2
"522",35395,"CAMSALRTNAGGTSYGKLTF","BOB9211_3",3,0.000159633906241686,0,72,"old",6405.873664,1,2
"523",35395,"CAASAPRTNAGGTSYGKLTF","BOB9475_2",3,7.90680512360972e-05,0,54,"old",9510.290686,1,2
"530",35609,"CAFMKHAMISNFGNEKLTF","BOB3855WB_1",2,4.46917387320953e-05,0,49,"old",13676.65779,1,2
"531",35609,"CAFMKHSLISNFGNEKLTF","BOB22606WB_1",2,5.85685838116434e-05,0,71,"old",9249.711807,1,2
"532",35632,"CAYRSATFLNTGTASKLTF","BOB16401_2",4,0.000102317491175116,0,51,"old",14591.29598,1,2
"533",35632,"CAYRSATYLNTGTASKLTF","BOB9475_2",2,5.27120341573981e-05,0,54,"old",9510.290686,1,2
"534",35716,"CAVRDRRFDRGSTLGRLYF","BOB3369WB_1",2,4.02058539723383e-05,0,47,"old",13300.17612,1,2
"535",35716,"CAVRDRRLDRGSTLGRLYF","BOB13692_3",2,8.41786270465928e-05,0,66,"old",6528.658895,1,2
"536",35817,"CIVRVAFIASGGSNYKLTF","BOB8902_2",2,7.60861294985924e-05,0,51,"old",10553.023,1,2
"537",35817,"CIVRVAWVSSGGSNYKLTF","BOB21581WB_1",7,0.000296647878967665,0,59,"old",6746.737785,1,2
"538",35818,"CIVRVHPLNSGGSNYKLTF","BOB4313WB_1",1,2.4975648742476e-05,0,67,"old",8534.170423,1,2
"539",35818,"CIVRVAPLNSGGSNYKLTF","BOB2411WB_1",6,0.000224475289011934,0,55,"old",6405.513172,1,2
"540",35851,"CALSEYYMYSGGGADGLTF","BOB17208_2",2,4.19559881684113e-05,0,63,"old",15138.83703,1,2
"541",35851,"CAASPFFMYSGGGADGLTF","BOB9259_2",2,0.000225810093711188,0,58,"old",2856.927536,1,2
"3",164,"CAATSVRQSNNLFF","BOB8902_2",7,0.000266301453245073,0,51,"old",10553.023,1,1
"4",164,"CAATSVRQSNNLSF","BOB8902_2",1,3.80430647492962e-05,0,51,"old",10553.023,1,1
"5",181,"CAENRRFQGGKLIF","BOB3855WB_1",8,0.000178766954928381,0,49,"old",13676.65779,1,1
"6",181,"CVVNRRFQGGKLIF","BOB3855WB_1",7,0.000156421085562333,0,49,"old",13676.65779,1,1
"7",189,"CAETNLGRDYKLSF","BOB16401_2",3,7.67381183813373e-05,0,51,"old",14591.29598,1,1
"8",189,"CAETNLGRDYKLSS","BOB16401_2",1,2.5579372793779e-05,0,51,"old",14591.29598,1,1
"9",291,"CASGQRLGRTEAFF","BOB7104WB_1",1,1.95710036010646e-05,0,49,"old",7215.55348,1,1
"10",291,"CASSQRLGRTEAFF","BOB7104WB_1",1,1.95710036010646e-05,0,49,"old",7215.55348,1,1
"11",311,"CAVAFPPGGYKLSF","BOB6867WB_1",4,0.000122260598465629,0,48,"old",3895.803419,1,1
"12",311,"CAVAFPPGGYRLSF","BOB6867WB_1",1,3.05651496164074e-05,0,48,"old",3895.803419,1,1
"13",343,"CAVINEGWNNDMRF","BOB7104WB_1",19,0.000371849068420228,0,49,"old",7215.55348,1,1
"14",343,"YAVITEGWNNDMRF","BOB7104WB_1",1,1.95710036010646e-05,0,49,"old",7215.55348,1,1
"15",352,"CAVNISRNNNDVRF","BOB6091WB_1",1,5.04566325243453e-05,0,53,"old",5327.857961,1,1
"16",352,"CVVNISRNNNDVRF","BOB6091WB_1",1,5.04566325243453e-05,0,53,"old",5327.857961,1,1
"38",2125,"CVVSGPTGGQKLLF","BOB15650_2",7,0.00020247013565499,0,57,"old",9766.061844,1,1
"39",2125,"CVVSGPTGGQKLLL","BOB15650_2",1,2.89243050935701e-05,0,57,"old",9766.061844,1,1
"42",2208,"CAPYERGRDDKIIF","BOB1400WB_1",2,4.83278561763e-05,0,59,"old",11671.71574,1,1
"43",2208,"CAPYERGREDKIIF","BOB1400WB_1",1,2.416392808815e-05,0,59,"old",11671.71574,1,1
"56",3163,"CAMRDTIGNTPLVF","BOB2757WB_1",3,2.81386296487361e-05,0,57,"old",22756.23533,1,1
"57",3163,"CAMRETLGNTPLVF","BOB2757WB_1",3,2.81386296487361e-05,0,57,"old",22756.23533,1,1
"58",3527,"CVVAWAYGNEKLTF","BOB1400WB_1",1,2.416392808815e-05,0,59,"old",11671.71574,1,1
"59",3527,"CAVAWAYGNEKLTF","BOB1400WB_1",4,9.66557123526e-05,0,59,"old",11671.71574,1,1
"60",3578,"CAVAFINSGYALNF","BOB4006WB_1",3,3.97093277210816e-05,0,67,"old",19225.5571,1,1
"61",3578,"CAVAFVNSGYALNF","BOB4006WB_1",6,7.94186554421633e-05,0,67,"old",19225.5571,1,1
"64",4075,"CAAHYIRDTDKLIF","BOB2411WB_1",5,0.000187062740843278,0,55,"old",6405.513172,1,1
"65",4075,"CAAHYIRDTDKLVF","BOB2411WB_1",1,3.74125481686557e-05,0,55,"old",6405.513172,1,1
"66",4160,"CAVRAGVNTGKLIF","BOB7104WB_1",1,1.95710036010646e-05,0,49,"old",7215.55348,1,1
"67",4160,"CAVQAGVNTGKLIF","BOB7104WB_1",1,1.95710036010646e-05,0,49,"old",7215.55348,1,1
"74",4717,"CAVWYVGGSEKLAF","BOB5810WB_1",2,0.000127331762908257,0,53,"old",4462.586294,1,1
"75",4717,"CAVWYVGGSEKLVF","BOB5810WB_1",8,0.000509327051633029,0,53,"old",4462.586294,1,1
"88",5582,"CAVGGYDSWGKFQF","BOB16364_2",1,3.8322986127079e-05,0,48,"old",8264.751418,1,1
"89",5582,"CAMGGYDSWGKFQF","BOB16364_2",1,3.8322986127079e-05,0,48,"old",8264.751418,1,1
"90",5713,"CAAQKKAINNNDMRF","BOB9211_3",5,0.00026605651040281,0,72,"old",6405.873664,1,1
"91",5713,"RAAQKKAINNNDMRF","BOB9211_3",1,5.32113020805619e-05,0,72,"old",6405.873664,1,1
"94",5808,"CAFISDRGAGNQFYF","BOB22600WB_1",1,3.19570497251693e-05,0,61,"old",3721.262849,1,1
"95",5808,"CASISDRGAGNQFYF","BOB22600WB_1",2,6.39140994503387e-05,0,61,"old",3721.262849,1,1
"96",5956,"CASPLRLEGAQKLVF","BOB3369WB_1",4,8.04117079446767e-05,0,47,"old",13300.17612,1,1
"97",5956,"CASPLRLEGAQKLVS","BOB3369WB_1",1,2.01029269861691e-05,0,47,"old",13300.17612,1,1
"100",6021,"CAVKPLGYDGQKLLF","BOB9475_2",2,5.27120341573981e-05,0,54,"old",9510.290686,1,1
"101",6021,"CAVKPLGYDGQKLLS","BOB9475_2",1,2.6356017078699e-05,0,54,"old",9510.290686,1,1
"102",6026,"CAVNGGVGNNARLMF","BOB6817WB_1",7,0.000120770863166612,0,46,"old",7153.906445,1,1
"103",6026,"CAVNGGVGNNARLMS","BOB6817WB_1",1,1.72529804523731e-05,0,46,"old",7153.906445,1,1
"104",6153,"CVNSPETSAGSRLTF","BOB3855WB_1",3,6.7037608098143e-05,0,49,"old",13676.65779,1,1
"105",6153,"CVNSPKTSAGSRLTF","BOB3855WB_1",4,8.93834774641907e-05,0,49,"old",13676.65779,1,1
"110",6272,"CALSEKFFNDYKLSF","BOB5356WB_1",1,0.000588235294117647,0,52,"old",544.5733945,1,1
"111",6272,"CALSERFFNDYKLSF","BOB5356WB_1",18,0.0105882352941176,0,52,"old",544.5733945,1,1
"115",6534,"CAFMKPSYIGNQFYF","BOB16273_2",1,3.1804592583169e-05,0,53,"old",9839.781657,1,1
"116",6534,"CAFMKPSYTGNQFYF","BOB16273_2",2,6.3609185166338e-05,0,53,"old",9839.781657,1,1
"125",7274,"CVVRSDGNNFNKFYF","BOB16273_2",3,9.5413777749507e-05,0,53,"old",9839.781657,1,1
"126",7274,"CAVRSDGNNFNKFYF","BOB16273_2",1,3.1804592583169e-05,0,53,"old",9839.781657,1,1
"135",7990,"CPLWLGDSGYSTLTF","BOB8902_2",2,7.60861294985924e-05,0,51,"old",10553.023,1,1
"136",7990,"CALWLGDSGYSTLTF","BOB8902_2",4,0.000152172258997185,0,51,"old",10553.023,1,1
"159",9205,"CALPLGKGRLAF","BOB6817WB_1",15,0.000258794706785597,0,46,"old",7153.906445,1,1
"160",9205,"CALPLGKGRLTF","BOB6817WB_1",1,1.72529804523731e-05,0,46,"old",7153.906445,1,1
"161",9263,"CATDLFSDKLVF","BOB2757WB_1",1,9.37954321624536e-06,0,57,"old",22756.23533,1,1
"162",9263,"CATDLFSNKLVF","BOB2757WB_1",5,4.68977160812268e-05,0,57,"old",22756.23533,1,1
"163",9340,"CGAPKPSNQFYF","BOB9480_2",4,8.55743105919602e-05,0,49,"old",15100.64714,1,1
"164",9340,"RGAPKPSSQFYF","BOB9480_2",1,2.139357764799e-05,0,49,"old",15100.64714,1,1
"165",9352,"CVSYSWANDMRF","BOB6817WB_1",11,0.000189782784976104,0,46,"old",7153.906445,1,1
"166",9352,"CVSYSWANDMRS","BOB6817WB_1",2,3.45059609047463e-05,0,46,"old",7153.906445,1,1
"225",16563,"CALALLDFQKLVF","BOB4313WB_1",1,2.4975648742476e-05,0,67,"old",8534.170423,1,1
"226",16563,"CALALLNFQKLVF","BOB4313WB_1",1,2.4975648742476e-05,0,67,"old",8534.170423,1,1
"229",16634,"CAMREASLGTLAF","BOB22606WB_1",1,2.92842919058217e-05,0,71,"old",9249.711807,1,1
"230",16634,"CAMREASLGTLTF","BOB22606WB_1",9,0.000263558627152395,0,71,"old",9249.711807,1,1
"231",16686,"CATDTLLSYQLTF","BOB6091WB_1",2,0.00010091326504869,0,53,"old",5327.857961,1,1
"232",16686,"RATDTLLSYHLTF","BOB6091WB_1",1,5.04566325243453e-05,0,53,"old",5327.857961,1,1
"235",16748,"CAVPPKNPNQFNF","BOB16364_2",1,3.8322986127079e-05,0,48,"old",8264.751418,1,1
"236",16748,"CAVPPKNPNQFYF","BOB16364_2",2,7.6645972254158e-05,0,48,"old",8264.751418,1,1
"237",16781,"CAVTGGVDDEIIF","BOB2335WB_1",1,5.49450549450549e-05,0,48,"old",3990.679817,1,1
"238",16781,"CAVTGGVDDKIIF","BOB2335WB_1",4,0.000219780219780219,0,48,"old",3990.679817,1,1
"239",16784,"CAVVISWDDKIIF","BOB6817WB_1",10,0.000172529804523731,0,46,"old",7153.906445,1,1
"240",16784,"CAVVISWDDRIIF","BOB6817WB_1",1,1.72529804523731e-05,0,46,"old",7153.906445,1,1
"241",16794,"CAYRSEVHRTLAL","BOB6867WB_1",1,3.05651496164074e-05,0,48,"old",3895.803419,1,1
"242",16794,"CAYRSEVHRTLTF","BOB6867WB_1",3,9.16954488492221e-05,0,48,"old",3895.803419,1,1
"243",16827,"CVVDGPGRGKSTF","BOB4022WB_1",1,6.24414611301904e-05,0,55,"old",5374.628709,1,1
"244",16827,"CVVNGPGRGKSTF","BOB4022WB_1",3,0.000187324383390571,0,55,"old",5374.628709,1,1
"245",16835,"CVVSPKGGNVLHC","BOB4006WB_1",18,0.00023825596632649,0,67,"old",19225.5571,1,1
"246",16835,"CVVSPKSGNVLHC","BOB4006WB_1",3,3.97093277210816e-05,0,67,"old",19225.5571,1,1
"254",17472,"CALNTVRGGKLIF","BOB9084_2",3,0.000461112818936366,0,74,"old",2619.710106,1,1
"255",17472,"YALNTVRGGKLIS","BOB9084_2",1,0.000153704272978789,0,74,"old",2619.710106,1,1
"273",18502,"CLPPPRRGFKTIF","BOB6091WB_1",3,0.000151369897573035,0,53,"old",5327.857961,1,1
"274",18502,"CLPPPRRGFKTLF","BOB6091WB_1",1,5.04566325243453e-05,0,53,"old",5327.857961,1,1
"281",18905,"CAVDTRRGQKLLF","BOB2757WB_1",1,9.37954321624536e-06,0,57,"old",22756.23533,1,1
"282",18905,"CAVNTRRGQKLLF","BOB2757WB_1",3,2.81386296487361e-05,0,57,"old",22756.23533,1,1
"283",18937,"CAEMVVFGNVLHC","BOB4986_3",2,5.85720142915715e-05,0,48,"old",8936.411273,1,1
"284",18937,"CAEMVVFGNALHC","BOB4986_3",1,2.92860071457857e-05,0,48,"old",8936.411273,1,1
"300",20718,"CAASGTIWVRF","BOB17208_2",1,2.09779940842057e-05,0,63,"old",15138.83703,1,1
"301",20718,"CATSGTIWVRF","BOB17208_2",1,2.09779940842057e-05,0,63,"old",15138.83703,1,1
"302",20726,"CAASPIRRLTF","BOB6934WB_1",2,0.000328893274132544,0,47,"old",1724.909774,1,1
"303",20726,"RAASPIRRLTL","BOB6934WB_1",1,0.000164446637066272,0,47,"old",1724.909774,1,1
"308",20887,"CVVNKGIDIRF","BOB16364_2",1,3.8322986127079e-05,0,48,"old",8264.751418,1,1
"309",20887,"CVVNKGIDMRF","BOB16364_2",2,7.6645972254158e-05,0,48,"old",8264.751418,1,1
"310",21006,"CAVRRPLDMCF","BOB9211_3",1,5.32113020805619e-05,0,72,"old",6405.873664,1,1
"311",21006,"CAVRRPLDMRF","BOB9211_3",4,0.000212845208322248,0,72,"old",6405.873664,1,1
"324",22645,"CAMNLRNALNF","BOB21287WB_1",1,2.67644461097877e-05,0,65,"old",11758.33423,1,1
"325",22645,"CAMNLRNALSF","BOB21287WB_1",1,2.67644461097877e-05,0,65,"old",11758.33423,1,1
"334",23092,"CALDDPARLMF","BOB6817WB_1",11,0.000189782784976104,0,46,"old",7153.906445,1,1
"335",23092,"CALDDPARLTF","BOB6817WB_1",1,1.72529804523731e-05,0,46,"old",7153.906445,1,1
"362",24746,"CAATLIVPGANNKLTF","BOB6934WB_1",1,0.000164446637066272,0,47,"old",1724.909774,1,1
"363",24746,"CAATLIVPGANSKLTF","BOB6934WB_1",4,0.000657786548265088,0,47,"old",1724.909774,1,1
"364",24786,"CAFLHLFGGGSEKLVF","BOB3855WB_1",32,0.000715067819713525,0,49,"old",13676.65779,1,1
"365",24786,"CAFLHLFGGGSEKLVS","BOB3855WB_1",1,2.23458693660476e-05,0,49,"old",13676.65779,1,1
"368",24902,"CAMKGPEAGANSKLTF","BOB6817WB_1",3,5.17589413571194e-05,0,46,"old",7153.906445,1,1
"369",24902,"CAVKGPEAGANSKLTF","BOB6817WB_1",1,1.72529804523731e-05,0,46,"old",7153.906445,1,1
"372",24949,"CAPHGSETSGTYKYIF","BOB2335WB_1",5,0.000274725274725274,0,48,"old",3990.679817,1,1
"373",24949,"CVPHGSETSGTYKYIF","BOB2335WB_1",1,5.49450549450549e-05,0,48,"old",3990.679817,1,1
"374",25023,"CAVKGFFLNTGNQFYF","BOB13692_3",2,8.41786270465928e-05,0,66,"old",6528.658895,1,1
"375",25023,"SAVKGFFLNTGNQFYF","BOB13692_3",1,4.20893135232964e-05,0,66,"old",6528.658895,1,1
"376",25026,"CAVKNIPAGNNRKLIW","BOB4006WB_1",7,9.26550980158572e-05,0,67,"old",19225.5571,1,1
"377",25026,"CAVKNIPAGNNRKLLW","BOB4006WB_1",1,1.32364425736938e-05,0,67,"old",19225.5571,1,1
"378",25112,"CAVWLGDRGKDDKIIF","BOB3855WB_1",1,2.23458693660476e-05,0,49,"old",13676.65779,1,1
"379",25112,"CAVWLGDRGRDDKIIF","BOB3855WB_1",12,0.000268150432392572,0,49,"old",13676.65779,1,1
"380",25176,"CVAKRVSRSNDYKLSF","BOB16273_2",1,3.1804592583169e-05,0,53,"old",9839.781657,1,1
"381",25176,"CVVKRVSRSNDYKLSF","BOB16273_2",1,3.1804592583169e-05,0,53,"old",9839.781657,1,1
"384",25473,"CAVGEGPSNSGYALDF","BOB16401_2",1,2.5579372793779e-05,0,51,"old",14591.29598,1,1
"385",25473,"CAVGEGPSNSGYALNF","BOB16401_2",1,2.5579372793779e-05,0,51,"old",14591.29598,1,1
"386",25538,"CVVKSGRGNAGNMLTF","BOB16364_2",2,7.6645972254158e-05,0,48,"old",8264.751418,1,1
"387",25538,"RVVKSGRGNAGNMLTF","BOB16364_2",1,3.8322986127079e-05,0,48,"old",8264.751418,1,1
"392",26215,"CAFMKWGETSDSRLTF","BOB16273_2",1,3.1804592583169e-05,0,53,"old",9839.781657,1,1
"393",26215,"CAFMKWGETSGSRLTF","BOB16273_2",10,0.00031804592583169,0,53,"old",9839.781657,1,1
"410",27447,"CAYRPSIVSGTYKYIF","BOB4006WB_1",3,3.97093277210816e-05,0,67,"old",19225.5571,1,1
"411",27447,"CAYRPSIVSGTYKYIL","BOB4006WB_1",1,1.32364425736938e-05,0,67,"old",19225.5571,1,1
"420",28988,"CALSAAKLHFPWPDMRF","BOB2757WB_1",4,3.75181728649814e-05,0,57,"old",22756.23533,1,1
"421",28988,"CALSAAKLHFPWPDTRF","BOB2757WB_1",1,9.37954321624536e-06,0,57,"old",22756.23533,1,1
"424",29177,"CAVIKGEIKTGANNLFF","BOB4986_3",3,8.78580214373572e-05,0,48,"old",8936.411273,1,1
"425",29177,"CAVIKGETKTGANNLFF","BOB4986_3",1,2.92860071457857e-05,0,48,"old",8936.411273,1,1
"426",29195,"CAVNKGQGNTGFQKFVF","BOB9480_2",3,6.41807329439702e-05,0,49,"old",15100.64714,1,1
"427",29195,"CAVNKGQGNTGFQKLVF","BOB9480_2",4,8.55743105919602e-05,0,49,"old",15100.64714,1,1
"428",29198,"CAVNPYDLETSGSRLAF","BOB16273_2",1,3.1804592583169e-05,0,53,"old",9839.781657,1,1
"429",29198,"CAVNPYDLETSGSRLTF","BOB16273_2",4,0.000127218370332676,0,53,"old",9839.781657,1,1
"430",29208,"CAVPKGTVMNRDDKIIF","BOB21287WB_1",5,0.000133822230548938,0,65,"old",11758.33423,1,1
"431",29208,"CAVPRGTVMNRDDKIIF","BOB21287WB_1",1,2.67644461097877e-05,0,65,"old",11758.33423,1,1
"432",29251,"CAVRPYGPAGNNRKLIW","BOB1400WB_1",3,7.249178426445e-05,0,59,"old",11671.71574,1,1
"433",29251,"CAVRPYGPAGNNRKLVW","BOB1400WB_1",1,2.416392808815e-05,0,59,"old",11671.71574,1,1
"436",29356,"CVVKRQGSNTGGFKTIF","BOB6828WB_1",1,3.61859960195404e-05,0,56,"old",3937.432692,1,1
"437",29356,"CVVRRRGSNTGGFKTIF","BOB6828WB_1",1,3.61859960195404e-05,0,56,"old",3937.432692,1,1
"438",29418,"CAASSLEGTGGSYIPTF","BOB9480_2",6,0.00012836146588794,0,49,"old",15100.64714,1,1
"439",29418,"CAMSALDGTGGSYIPTF","BOB9480_2",9,0.00019254219883191,0,49,"old",15100.64714,1,1
"450",30282,"CAENRNENSNSGYALDF","BOB200148_2",1,6.37145587766804e-05,0,55,"old",4955.46765,1,1
"451",30282,"CAENRNENSNSGYALNF","BOB200148_2",4,0.000254858235106721,0,55,"old",4955.46765,1,1
"452",30360,"CAASVLGQETSGSRLTF","BOB6828WB_1",5,0.000180929980097702,0,56,"old",3937.432692,1,1
"453",30360,"CAVSVLNQETSGSRLTF","BOB6828WB_1",3,0.000108557988058621,0,56,"old",3937.432692,1,1
"456",30405,"CAVLVFMTADSWGKLQF","BOB4120WB_1",3,0.000168218010541662,0,46,"old",5181.501034,1,1
"457",30405,"CAVLVFMTTDSWGKLQF","BOB4120WB_1",2,0.000112145340361108,0,46,"old",5181.501034,1,1
"466",30887,"CAVNPSETQGGSEKLVF","BOB3369WB_1",3,6.03087809585075e-05,0,47,"old",13300.17612,1,1
"467",30887,"CAVNPTETQGGSEKLVF","BOB3369WB_1",7,0.000140720488903184,0,47,"old",13300.17612,1,1
"482",31488,"CAAAYTPLAF","BOB15650_2",1,2.89243050935701e-05,0,57,"old",9766.061844,1,1
"483",31488,"CAVAYTPLVF","BOB15650_2",5,0.00014462152546785,0,57,"old",9766.061844,1,1
"484",31488,"RAVAYTPLVF","BOB15650_2",1,2.89243050935701e-05,0,57,"old",9766.061844,1,1
"492",32234,"CVVRPGKFQF","BOB9084_2",1,0.000153704272978789,0,74,"old",2619.710106,1,1
"493",32234,"CAVRPGKFQF","BOB9084_2",2,0.000307408545957578,0,74,"old",2619.710106,1,1
"500",34170,"CAFGEVQFYF","BOB9480_2",5,0.00010696788823995,0,49,"old",15100.64714,1,1
"501",34170,"CALGEVQFYF","BOB9480_2",1,2.139357764799e-05,0,49,"old",15100.64714,1,1
"506",34647,"CAVPIGHILTGGGNKLTF","BOB6828WB_1",1,3.61859960195404e-05,0,56,"old",3937.432692,1,1
"507",34647,"CAVPIGHILTGGGNRLTF","BOB6828WB_1",1,3.61859960195404e-05,0,56,"old",3937.432692,1,1
"508",34647,"CAVPIGHILTGGGTKLTF","BOB6828WB_1",1,3.61859960195404e-05,0,56,"old",3937.432692,1,1
"509",34678,"CAYRSGASIYNQGGKLIF","BOB2757WB_1",1,9.37954321624536e-06,0,57,"old",22756.23533,1,1
"510",34678,"CAYRSGASIYNQGGKLIL","BOB2757WB_1",5,4.68977160812268e-05,0,57,"old",22756.23533,1,1
"513",34854,"CAASMERGSNFGNEKLTF","BOB6867WB_1",1,3.05651496164074e-05,0,48,"old",3895.803419,1,1
"514",34854,"CAASMERQSNFGNEKLTF","BOB6867WB_1",1,3.05651496164074e-05,0,48,"old",3895.803419,1,1
"519",35377,"CAAAPILLITGGTSYGKLTF","BOB21287WB_1",3,8.02933383293632e-05,0,65,"old",11758.33423,1,1
"520",35377,"CAAAPILLITGGTSYGRLTF","BOB21287WB_1",1,2.67644461097877e-05,0,65,"old",11758.33423,1,1
"521",35377,"CAAAPVLLITGGTSYGKLTF","BOB21287WB_1",2,5.35288922195755e-05,0,65,"old",11758.33423,1,1
"524",35550,"CAVKGVGPLSSFGNEKLTF","BOB2757WB_1",5,4.68977160812268e-05,0,57,"old",22756.23533,1,1
"525",35550,"CVVKGVGPLSSFGNEKLTF","BOB2757WB_1",1,9.37954321624536e-06,0,57,"old",22756.23533,1,1
"526",35551,"CAVKVKGFDYGGSQGNLIF","BOB17208_2",2,4.19559881684113e-05,0,63,"old",15138.83703,1,1
"527",35551,"RAVKVKGFDYGGSQGNLIF","BOB17208_2",3,6.2933982252617e-05,0,63,"old",15138.83703,1,1
"528",35599,"CVVSAIVRSPGGGADGLTF","BOB16364_2",1,3.8322986127079e-05,0,48,"old",8264.751418,1,1
"529",35599,"CVVSAIVRSSGGGADGLTF","BOB16364_2",3,0.000114968958381237,0,48,"old",8264.751418,1,1
"542",35874,"CAVRNYGSVFSPQGGSEKLVF","BOB6091WB_1",5,0.000252283162621726,0,53,"old",5327.857961,1,1
"543",35874,"CAVRNYGSVSSPQGGSEKLVF","BOB6091WB_1",1,5.04566325243453e-05,0,53,"old",5327.857961,1,1
