"","Cluster_ID","CDR3","Patient","Count","Frequency","Stage","Age","Age_bin","Chao1","Pat_Freq"
"189",25470,"CAVRPLVGTSGSRLTF","BOB26234WB_2",1,3.23991576219018e-05,0,33,"young",24513.04685,3
"190",25470,"CAVSPLLGTSGSRLTF","BOB33328WB_1",3,0.00010181916915558,0,37,"young",12062.47952,3
"191",25470,"CILRPLLGTSGSRLTF","BOB18193_2",1,3.24580479729949e-05,0,42,"young",11293.19069,3
"1",121,"CAASDRGSNNKLTF","BOB22394WB_2",1,2.33754090696587e-05,0,39,"young",29965.73782,2
"2",121,"CALSDKGSNNKLTF","BOB29880WB_2",1,0.000364298724954462,0,39,"young",4588.794766,2
"9",345,"CAVKGGGSQGNPIF","BOB20722WB_2",1,3.78701810194653e-05,0,35,"young",45073.98031,2
"10",345,"CGTKGGGSQGNPIF","BOB21170WB_1",1,7.43494423791822e-05,0,38,"young",28285.45089,2
"13",912,"CAYRSHNNNNDMRF","BOB20029_2",1,3.04571620016446e-05,0,44,"young",9401.659458,2
"14",912,"CAYRSYNNNNDMRF","BOB33328WB_1",2,6.78794461037198e-05,0,37,"young",12062.47952,2
"15",1325,"CAMREEWGNTPLVF","BOB22646WB_1",1,7.79605519607078e-05,0,40,"young",15374.34181,2
"16",1325,"CAMREDWGNTPLVF","BOB26234WB_2",1,3.23991576219018e-05,0,33,"young",24513.04685,2
"17",1411,"CAENIGVNTDKLIF","BOB15676_3",3,0.000105340777414937,0,36,"young",7289.845472,2
"18",1411,"CVVNMGVNTDKLIF","BOB22394WB_2",3,7.01262272089762e-05,0,39,"young",29965.73782,2
"19",1462,"CVVSARLFGNQFYF","BOB22646WB_1",2,0.000155921103921415,0,40,"young",15374.34181,2
"20",1462,"CAASARFFGNQFYF","BOB18193_2",1,3.24580479729949e-05,0,42,"young",11293.19069,2
"21",1960,"CVVPPSRGSYIPTF","BOB20722WB_2",1,3.78701810194653e-05,0,35,"young",45073.98031,2
"22",1960,"CADPPGRGSYIPTF","BOB26234WB_2",1,3.23991576219018e-05,0,33,"young",24513.04685,2
"23",3145,"CALARARGNTPLVF","BOB44687WB_1",3,9.43247916994183e-05,0,40,"young",10378.13296,2
"24",3145,"CATANARGNTPLVF","BOB5530WB_1",4,5.43603821534865e-05,0,41,"young",9765.87076,2
"25",3274,"CGNPIWDSSYKLIF","BOB21170WB_1",1,7.43494423791822e-05,0,38,"young",28285.45089,2
"26",3274,"CAAPLWDSSYKLIF","BOB22394WB_2",1,2.33754090696587e-05,0,39,"young",29965.73782,2
"27",3330,"CASRSSGGSYTPTF","BOB20722WB_2",1,3.78701810194653e-05,0,35,"young",45073.98031,2
"28",3330,"CAARSSGGSYTPTF","BOB22394WB_2",1,2.33754090696587e-05,0,39,"young",29965.73782,2
"31",3693,"CAASLSGSARLLTF","BOB22646WB_1",1,7.79605519607078e-05,0,40,"young",15374.34181,2
"32",3693,"CVESFSGSARLLTF","BOB26234WB_2",1,3.23991576219018e-05,0,33,"young",24513.04685,2
"33",3693,"CLVGLSGSARLLTF","BOB26234WB_2",1,3.23991576219018e-05,0,33,"young",24513.04685,2
"36",3939,"CAVSYPGSSYKLTF","BOB22394WB_2",1,2.33754090696587e-05,0,39,"young",29965.73782,2
"37",3939,"CALKYPGSSYKLIF","BOB22646WB_1",1,7.79605519607078e-05,0,40,"young",15374.34181,2
"40",4404,"CLVGDLYNDYKLSF","BOB18193_2",6,0.000194748287837969,0,42,"young",11293.19069,2
"41",4404,"CAVGDLYNDYKLSL","BOB20722WB_2",1,3.78701810194653e-05,0,35,"young",45073.98031,2
"42",4755,"RAASKRRGNNDMRF","BOB20722WB_2",1,3.78701810194653e-05,0,35,"young",45073.98031,2
"43",4755,"CAASKERGNNDMRF","BOB26234WB_2",1,3.23991576219018e-05,0,33,"young",24513.04685,2
"48",5803,"CAETWDDSSASKIIF","BOB20722WB_2",1,3.78701810194653e-05,0,35,"young",45073.98031,2
"49",5803,"CAVTWDDSSASKIIF","BOB26234WB_2",2,6.47983152438037e-05,0,33,"young",24513.04685,2
"60",7009,"CAILISEGGADGLTF","BOB29880WB_2",3,0.00109289617486338,0,39,"young",4588.794766,2
"61",7009,"CAYLLTEGGADGLTF","BOB22646WB_1",2,0.000155921103921415,0,40,"young",15374.34181,2
"62",7540,"CALSDLRRGNEKLTF","BOB33328WB_1",3,0.00010181916915558,0,37,"young",12062.47952,2
"63",7540,"CVVSDLKRGNEKLTF","BOB22081WB_1",1,0.000424088210347752,0,40,"young",4467.405629,2
"66",7937,"CVVWGRSGTASKLTF","BOB22394WB_2",1,2.33754090696587e-05,0,39,"young",29965.73782,2
"67",7937,"CLHWGRTGTASKLTF","BOB22646WB_1",1,7.79605519607078e-05,0,40,"young",15374.34181,2
"68",8209,"CAAPVQPGGYQKVTF","BOB44687WB_1",4,0.000125766388932558,0,40,"young",10378.13296,2
"69",8209,"CAAPTQPGGYQKVTF","BOB22646WB_1",1,7.79605519607078e-05,0,40,"young",15374.34181,2
"70",8305,"CAVGFPLEYGNKLVF","BOB26234WB_2",3,9.71974728657055e-05,0,33,"young",24513.04685,2
"71",8305,"CAVGFPLEYGNKLVF","BOB44687WB_1",7,0.000220091180631976,0,40,"young",10378.13296,2
"90",11752,"CAVGDLINDMRF","BOB15676_3",6,0.000210681554829875,0,36,"young",7289.845472,2
"91",11752,"CLVGDLIHDMRF","BOB33328WB_1",3,0.00010181916915558,0,37,"young",12062.47952,2
"92",11976,"CAVYRYTGKLIF","BOB22646WB_1",2,0.000155921103921415,0,40,"young",15374.34181,2
"93",11976,"CAGYRYTGKLIF","BOB44687WB_1",4,0.000125766388932558,0,40,"young",10378.13296,2
"94",13890,"CAMSPTGNQSYF","BOB13000_5",1,7.4360499702558e-05,0,33,"young",14152.79682,2
"95",13890,"CAVTPTGNQSYF","BOB22394WB_2",1,2.33754090696587e-05,0,39,"young",29965.73782,2
"96",14128,"CAASKEYGKLTF","BOB33328WB_1",6,0.000203638338311159,0,37,"young",12062.47952,2
"97",14128,"CAASKEYGKLTF","BOB44687WB_1",11,0.000345857569564534,0,40,"young",10378.13296,2
"100",14495,"CATDRTNSKLTF","BOB18193_2",2,6.49160959459898e-05,0,42,"young",11293.19069,2
"101",14495,"CAVDRTNSKLTF","BOB22394WB_2",2,4.67508181393174e-05,0,39,"young",29965.73782,2
"102",14578,"CALNTGRRVLTF","BOB13000_5",1,7.4360499702558e-05,0,33,"young",14152.79682,2
"103",14578,"CAADTGRRVLTF","BOB20722WB_2",1,3.78701810194653e-05,0,35,"young",45073.98031,2
"106",16013,"CAMSAVPDKLIF","BOB13000_5",1,7.4360499702558e-05,0,33,"young",14152.79682,2
"107",16013,"CAASAIPDKLIF","BOB22394WB_2",3,7.01262272089762e-05,0,39,"young",29965.73782,2
"124",16685,"CATDRTEANNLFF","BOB22394WB_2",3,7.01262272089762e-05,0,39,"young",29965.73782,2
"125",16685,"CIGDRTEANNLFF","BOB16289_2",1,0.00015181417944436,0,31,"young",1848.379888,2
"130",16808,"CIVRVAIHDKIIF","BOB44687WB_1",3,9.43247916994183e-05,0,40,"young",10378.13296,2
"131",16808,"CIVRVAVHDKIIF","BOB26234WB_2",1,3.23991576219018e-05,0,33,"young",24513.04685,2
"132",16841,"CAAGLSGCSTLTF","BOB26234WB_2",2,6.47983152438037e-05,0,33,"young",24513.04685,2
"133",16841,"CAVALSGCSTLTF","BOB20722WB_2",4,0.000151480724077861,0,35,"young",45073.98031,2
"134",17725,"CAVGHGLGGKLIF","BOB18193_2",1,3.24580479729949e-05,0,42,"young",11293.19069,2
"135",17725,"CATGEGLGGKLIF","BOB44687WB_1",3,9.43247916994183e-05,0,40,"young",10378.13296,2
"136",18299,"CAVNLVGNARLMV","BOB18193_2",1,3.24580479729949e-05,0,42,"young",11293.19069,2
"137",18299,"CAATLVGNARLMF","BOB44687WB_1",1,3.14415972331394e-05,0,40,"young",10378.13296,2
"140",19284,"CASGGSKGNKLVF","BOB5530WB_1",34,0.000462063248304635,0,41,"young",9765.87076,2
"141",19284,"CAVGGSNGNKLVF","BOB21170WB_1",1,7.43494423791822e-05,0,38,"young",28285.45089,2
"148",20122,"CAYSGAGSYLLTF","BOB13000_5",1,7.4360499702558e-05,0,33,"young",14152.79682,2
"149",20122,"CAAKGAGSYLLTF","BOB20722WB_2",1,3.78701810194653e-05,0,35,"young",45073.98031,2
"154",22075,"CVVAVRARLMF","BOB4447WB_1",3,0.000178922884236893,0,39,"young",6111.501474,2
"155",22075,"CGAAVRARLMF","BOB26234WB_2",2,6.47983152438037e-05,0,33,"young",24513.04685,2
"156",22384,"CVVMPAARLMF","BOB13000_5",1,7.4360499702558e-05,0,33,"young",14152.79682,2
"157",22384,"CAEIPAARLMF","BOB15676_3",1,3.51135924716458e-05,0,36,"young",7289.845472,2
"158",22987,"CVVNTPRKLTF","BOB5530WB_1",8,0.000108720764306973,0,41,"young",9765.87076,2
"159",22987,"CVVNSPRKLTF","BOB26234WB_2",7,0.000226794103353313,0,33,"young",24513.04685,2
"160",23782,"CAVTNAGNSTF","BOB26234WB_2",1,3.23991576219018e-05,0,33,"young",24513.04685,2
"161",23782,"CAMSNAGNSTF","BOB21170WB_1",1,7.43494423791822e-05,0,38,"young",28285.45089,2
"162",24145,"CAGVKSNMLTF","BOB15676_3",1,3.51135924716458e-05,0,36,"young",7289.845472,2
"163",24145,"CAVIRSNMLTF","BOB44687WB_1",1,3.14415972331394e-05,0,40,"young",10378.13296,2
"164",24429,"CAVIGRGKLTF","BOB44687WB_1",2,6.28831944662789e-05,0,40,"young",10378.13296,2
"165",24429,"CAGVGRGKLQF","BOB18193_2",1,3.24580479729949e-05,0,42,"young",11293.19069,2
"176",25101,"CAVSPFKGSGTYKYIF","BOB27302WB_1",2,0.000165070980521624,0,40,"young",13198.55709,2
"177",25101,"CLVAPFKGSGTYKYIF","BOB22646WB_1",2,0.000155921103921415,0,40,"young",15374.34181,2
"196",27913,"CAVRDERRGGADGLTF","BOB20029_2",1,3.04571620016446e-05,0,44,"young",9401.659458,2
"197",27913,"CAVRDERRGGADGLTF","BOB20722WB_2",1,3.78701810194653e-05,0,35,"young",45073.98031,2
"222",30010,"CAASRGGTNTGFQKLVF","BOB4447WB_1",5,0.000298204807061489,0,39,"young",6111.501474,2
"223",30010,"CAASRGGVNTGFQKLVF","BOB33328WB_1",2,6.78794461037198e-05,0,37,"young",12062.47952,2
"233",32481,"CALEGADMRF","BOB18193_2",4,0.000129832191891979,0,42,"young",11293.19069,2
"234",32481,"CGADGADMRF","BOB22394WB_2",10,0.000233754090696587,0,39,"young",29965.73782,2
"235",33200,"CVVNGGTLTF","BOB15676_3",1,3.51135924716458e-05,0,36,"young",7289.845472,2
"236",33200,"CVVNGGTLTF","BOB21170WB_1",1,7.43494423791822e-05,0,38,"young",28285.45089,2
"237",33378,"CASYGTKLVF","BOB13000_5",1,7.4360499702558e-05,0,33,"young",14152.79682,2
"238",33378,"CAVYGTKLVF","BOB22394WB_2",1,2.33754090696587e-05,0,39,"young",29965.73782,2
"3",166,"CAAVTAGDNNDMRF","BOB21170WB_1",1,7.43494423791822e-05,0,38,"young",28285.45089,1
"4",166,"CAVVTAGDNNDMRF","BOB21170WB_1",1,7.43494423791822e-05,0,38,"young",28285.45089,1
"5",299,"CASSQQGGSTEAFF","BOB5530WB_1",1,1.35900955383716e-05,0,41,"young",9765.87076,1
"6",299,"CASSSQGGSTEAFF","BOB5530WB_1",1,1.35900955383716e-05,0,41,"young",9765.87076,1
"7",329,"CAVEPPLTASKLTF","BOB26234WB_2",2,6.47983152438037e-05,0,33,"young",24513.04685,1
"8",329,"CAVEPPLTASRLTF","BOB26234WB_2",1,3.23991576219018e-05,0,33,"young",24513.04685,1
"11",546,"CLVGGALDGNKLVF","BOB21170WB_1",1,7.43494423791822e-05,0,38,"young",28285.45089,1
"12",546,"CLVGGALDGNRLVF","BOB21170WB_1",1,7.43494423791822e-05,0,38,"young",28285.45089,1
"29",3583,"SAVRFKDSGYALNF","BOB22394WB_2",1,2.33754090696587e-05,0,39,"young",29965.73782,1
"30",3583,"CAVRFKDSGYALNF","BOB22394WB_2",1,2.33754090696587e-05,0,39,"young",29965.73782,1
"34",3720,"CVLWGWGSARQLTF","BOB26234WB_2",1,3.23991576219018e-05,0,33,"young",24513.04685,1
"35",3720,"CALWGWGSARQLTF","BOB26234WB_2",1,3.23991576219018e-05,0,33,"young",24513.04685,1
"38",4053,"CAGWVVGSQGNLIF","BOB18193_2",7,0.000227206335810964,0,42,"young",11293.19069,1
"39",4053,"CALWVVGSQGNLIF","BOB18193_2",2,6.49160959459898e-05,0,42,"young",11293.19069,1
"44",5390,"CAVRASMGRRALTF","BOB27302WB_1",1,8.25354902608121e-05,0,40,"young",13198.55709,1
"45",5390,"CAMRAAMGRRALTF","BOB27302WB_1",2,0.000165070980521624,0,40,"young",13198.55709,1
"46",5673,"CAAAPMEAGGFKTIF","BOB20722WB_2",3,0.000113610543058396,0,35,"young",45073.98031,1
"47",5673,"CAAAPVEAGGFKTIF","BOB20722WB_2",1,3.78701810194653e-05,0,35,"young",45073.98031,1
"50",5867,"CALIEPSEGSYIPTF","BOB22394WB_2",1,2.33754090696587e-05,0,39,"young",29965.73782,1
"51",5867,"CALTEPSEGSYIPTF","BOB22394WB_2",1,2.33754090696587e-05,0,39,"young",29965.73782,1
"52",5943,"CAPPFRGGGSEKLAF","BOB18193_2",1,3.24580479729949e-05,0,42,"young",11293.19069,1
"53",5943,"CAPPFRGGGSEKLVF","BOB18193_2",3,9.73741439189847e-05,0,42,"young",11293.19069,1
"54",5985,"CAVDCQGAAGNKLTF","BOB5530WB_1",3,4.07702866151149e-05,0,41,"young",9765.87076,1
"55",5985,"CAVDCQGAAGNRLTF","BOB5530WB_1",1,1.35900955383716e-05,0,41,"young",9765.87076,1
"56",6076,"CAVRLRRVYGNKLVF","BOB22394WB_2",1,2.33754090696587e-05,0,39,"young",29965.73782,1
"57",6076,"CAVSLRRVYGNKLVF","BOB22394WB_2",3,7.01262272089762e-05,0,39,"young",29965.73782,1
"58",6099,"CAVYPLTSDGQKLLF","BOB20722WB_2",1,3.78701810194653e-05,0,35,"young",45073.98031,1
"59",6099,"YAVYPLTSDGQKLLF","BOB20722WB_2",1,3.78701810194653e-05,0,35,"young",45073.98031,1
"64",7777,"CVVNLWVGATNKLIF","BOB22394WB_2",2,4.67508181393174e-05,0,39,"young",29965.73782,1
"65",7777,"CVVNLWVGATNKLTF","BOB22394WB_2",1,2.33754090696587e-05,0,39,"young",29965.73782,1
"72",8838,"CAVRDRPFNNRKLIR","BOB22394WB_2",1,2.33754090696587e-05,0,39,"young",29965.73782,1
"73",8838,"CAVRDRPYNNHKLIW","BOB22394WB_2",1,2.33754090696587e-05,0,39,"young",29965.73782,1
"74",9238,"CAMTPPVGQFYF","BOB26234WB_2",7,0.000226794103353313,0,33,"young",24513.04685,1
"75",9238,"WAMTPPVGQFYF","BOB26234WB_2",1,3.23991576219018e-05,0,33,"young",24513.04685,1
"76",9243,"CAPLPRGNDLFF","BOB5530WB_1",1,1.35900955383716e-05,0,41,"young",9765.87076,1
"77",9243,"CAPLPRGNNLFF","BOB5530WB_1",2,2.71801910767432e-05,0,41,"young",9765.87076,1
"78",9284,"CAVGAAPSKLVF","BOB22394WB_2",2,4.67508181393174e-05,0,39,"young",29965.73782,1
"79",9284,"CVMGAAPSKLVF","BOB22394WB_2",1,2.33754090696587e-05,0,39,"young",29965.73782,1
"80",9361,"CAAEVLPYKYIF","BOB13000_5",1,7.4360499702558e-05,0,33,"young",14152.79682,1
"81",9361,"CAVDILPYKYIF","BOB13000_5",1,7.4360499702558e-05,0,33,"young",14152.79682,1
"82",9507,"CAAPRINTPLVF","BOB20722WB_2",2,7.57403620389305e-05,0,35,"young",45073.98031,1
"83",9507,"CAAPRINTPLVL","BOB20722WB_2",1,3.78701810194653e-05,0,35,"young",45073.98031,1
"84",10613,"CAVPPTSEKLVF","BOB13000_5",1,7.4360499702558e-05,0,33,"young",14152.79682,1
"85",10613,"CAVPPTSEKLVY","BOB13000_5",1,7.4360499702558e-05,0,33,"young",14152.79682,1
"86",11366,"CAIRYRADKLIF","BOB20722WB_2",1,3.78701810194653e-05,0,35,"young",45073.98031,1
"87",11366,"CAVRYRADKLIF","BOB20722WB_2",1,3.78701810194653e-05,0,35,"young",45073.98031,1
"88",11612,"CAVYGDNNDIRF","BOB26234WB_2",1,3.23991576219018e-05,0,33,"young",24513.04685,1
"89",11612,"CAVYGDNNDMRF","BOB26234WB_2",4,0.000129596630487607,0,33,"young",24513.04685,1
"98",14161,"CAARDFNDKIIF","BOB22081WB_1",1,0.000424088210347752,0,40,"young",4467.405629,1
"99",14161,"CAVRDFNDKIIF","BOB22081WB_1",4,0.001696352841391,0,40,"young",4467.405629,1
"104",15930,"CSLPPNDYNLSF","BOB5530WB_1",1,1.35900955383716e-05,0,41,"young",9765.87076,1
"105",15930,"CALPPNDYNLSF","BOB5530WB_1",28,0.000380522675074405,0,41,"young",9765.87076,1
"108",16376,"CAAISNRDVKIIF","BOB26234WB_2",1,3.23991576219018e-05,0,33,"young",24513.04685,1
"109",16376,"CAAISNRDVRIIF","BOB26234WB_2",1,3.23991576219018e-05,0,33,"young",24513.04685,1
"110",16467,"CAASTLITGKLIF","BOB26234WB_2",2,6.47983152438037e-05,0,33,"young",24513.04685,1
"111",16467,"CAASTLITGKLVF","BOB26234WB_2",1,3.23991576219018e-05,0,33,"young",24513.04685,1
"112",16486,"CAATVLGFGDMRF","BOB26234WB_2",2,6.47983152438037e-05,0,33,"young",24513.04685,1
"113",16486,"CAATVLGYGDMRF","BOB26234WB_2",1,3.23991576219018e-05,0,33,"young",24513.04685,1
"114",16498,"CAEKGPRNSTLTF","BOB22394WB_2",1,2.33754090696587e-05,0,39,"young",29965.73782,1
"115",16498,"CAVKGPRNSTLTF","BOB22394WB_2",2,4.67508181393174e-05,0,39,"young",29965.73782,1
"116",16567,"CALDITDDDKIIF","BOB21170WB_1",3,0.000223048327137546,0,38,"young",28285.45089,1
"117",16567,"CALDITDDDKIIS","BOB21170WB_1",1,7.43494423791822e-05,0,38,"young",28285.45089,1
"118",16631,"CAMPRRDDARLMF","BOB18193_2",1,3.24580479729949e-05,0,42,"young",11293.19069,1
"119",16631,"CATPRRDNARLMF","BOB18193_2",2,6.49160959459898e-05,0,42,"young",11293.19069,1
"120",16642,"CAMREVLGDKLIF","BOB5530WB_1",8,0.000108720764306973,0,41,"young",9765.87076,1
"121",16642,"CATREVLGDKLIF","BOB5530WB_1",1,1.35900955383716e-05,0,41,"young",9765.87076,1
"122",16674,"CATDAWSNYKPTL","BOB13000_5",1,7.4360499702558e-05,0,33,"young",14152.79682,1
"123",16674,"GATDAWSNYKPTF","BOB13000_5",1,7.4360499702558e-05,0,33,"young",14152.79682,1
"126",16799,"CGVADYPGGKLIF","BOB21170WB_1",1,7.43494423791822e-05,0,38,"young",28285.45089,1
"127",16799,"CGVTDYPGGKLIF","BOB21170WB_1",1,7.43494423791822e-05,0,38,"young",28285.45089,1
"128",16807,"CIVRRPLAGDMRF","BOB26234WB_2",1,3.23991576219018e-05,0,33,"young",24513.04685,1
"129",16807,"CIVRRPMAGDMRF","BOB26234WB_2",1,3.23991576219018e-05,0,33,"young",24513.04685,1
"138",18540,"RAVTINIGNQFYF","BOB13000_5",1,7.4360499702558e-05,0,33,"young",14152.79682,1
"139",18540,"CAVTINIGNQFYF","BOB13000_5",6,0.000446162998215348,0,33,"young",14152.79682,1
"142",19759,"CAVRPTKGQNFAF","BOB18193_2",1,3.24580479729949e-05,0,42,"young",11293.19069,1
"143",19759,"CAVRPTKGQNFVF","BOB18193_2",2,6.49160959459898e-05,0,42,"young",11293.19069,1
"144",19815,"CAVRPRVNTPLVF","BOB26234WB_2",1,3.23991576219018e-05,0,33,"young",24513.04685,1
"145",19815,"CAVRPRVNTPLVL","BOB26234WB_2",1,3.23991576219018e-05,0,33,"young",24513.04685,1
"146",20063,"CAMNPLTNDKLIF","BOB22394WB_2",1,2.33754090696587e-05,0,39,"young",29965.73782,1
"147",20063,"RAMNPLTNNKLIF","BOB22394WB_2",1,2.33754090696587e-05,0,39,"young",29965.73782,1
"150",20655,"CLVGEGRASKIIF","BOB22646WB_1",1,7.79605519607078e-05,0,40,"young",15374.34181,1
"151",20655,"CLVGEGRASKIIV","BOB22646WB_1",1,7.79605519607078e-05,0,40,"young",15374.34181,1
"152",20770,"CAFMKGVDMCF","BOB26234WB_2",1,3.23991576219018e-05,0,33,"young",24513.04685,1
"153",20770,"CAFMKGVDMRF","BOB26234WB_2",1,3.23991576219018e-05,0,33,"young",24513.04685,1
"166",24636,"CAAKSVIGGGYQKVTF","BOB26234WB_2",2,6.47983152438037e-05,0,33,"young",24513.04685,1
"167",24636,"CAAKSVIGGGYQKVTL","BOB26234WB_2",1,3.23991576219018e-05,0,33,"young",24513.04685,1
"168",24640,"CAANDYGGFGNEKLTF","BOB13000_5",1,7.4360499702558e-05,0,33,"young",14152.79682,1
"169",24640,"CAVNDYGGFGNEKLTF","BOB13000_5",1,7.4360499702558e-05,0,33,"young",14152.79682,1
"170",24756,"CAEIPETNSGYGTLTF","BOB26234WB_2",3,9.71974728657055e-05,0,33,"young",24513.04685,1
"171",24756,"CAEIPETNSGYSTLTF","BOB26234WB_2",2,6.47983152438037e-05,0,33,"young",24513.04685,1
"172",24852,"CALPREGNSSASKIIF","BOB20722WB_2",12,0.000454442172233583,0,35,"young",45073.98031,1
"173",24852,"WALPREGNSSASKIIF","BOB20722WB_2",1,3.78701810194653e-05,0,35,"young",45073.98031,1
"174",25056,"CAVPGVERGSQGNLIF","BOB5530WB_1",7,9.51306687686014e-05,0,41,"young",9765.87076,1
"175",25056,"CAVPGVERGSRGNLIF","BOB5530WB_1",1,1.35900955383716e-05,0,41,"young",9765.87076,1
"178",25151,"CLEAPSGGNYGQNFAF","BOB18193_2",1,3.24580479729949e-05,0,42,"young",11293.19069,1
"179",25151,"CLVAPSGGNYGQNFVF","BOB18193_2",253,0.00821188613716771,0,42,"young",11293.19069,1
"180",25168,"CLVGDPQPNLENDMRF","BOB20722WB_2",1,3.78701810194653e-05,0,35,"young",45073.98031,1
"181",25168,"CLVGDPQQNLENDMRF","BOB20722WB_2",1,3.78701810194653e-05,0,35,"young",45073.98031,1
"182",25177,"CVMNHANNANAGKSTF","BOB20722WB_2",1,3.78701810194653e-05,0,35,"young",45073.98031,1
"183",25177,"CVVNHANNTNAGKSTF","BOB20722WB_2",11,0.000416571991214118,0,35,"young",45073.98031,1
"184",25338,"CAVNLGPKAAGNKLTF","BOB13000_5",4,0.000297441998810232,0,33,"young",14152.79682,1
"185",25338,"CAVNLGPKAEGNKLTF","BOB13000_5",1,7.4360499702558e-05,0,33,"young",14152.79682,1
"186",25338,"CAVNLGPKAPGNKLTF","BOB13000_5",1,7.4360499702558e-05,0,33,"young",14152.79682,1
"187",25361,"CLVGEILHSSASKIIF","BOB22394WB_2",2,4.67508181393174e-05,0,39,"young",29965.73782,1
"188",25361,"CLVGEILHSSASMIII","BOB22394WB_2",1,2.33754090696587e-05,0,39,"young",29965.73782,1
"192",26556,"CASYQPFTGGGNKLTF","BOB16289_2",3,0.00045544253833308,0,31,"young",1848.379888,1
"193",26556,"CASYQPFTGGGNKLTL","BOB16289_2",1,0.00015181417944436,0,31,"young",1848.379888,1
"194",27536,"CAVKLRVEGGSEKLVF","BOB21170WB_1",3,0.000223048327137546,0,38,"young",28285.45089,1
"195",27536,"CAVKLRVEGGSERLVF","BOB21170WB_1",1,7.43494423791822e-05,0,38,"young",28285.45089,1
"198",28402,"CALGSPLKGSARQLTF","BOB44687WB_1",3,9.43247916994183e-05,0,40,"young",10378.13296,1
"199",28402,"GALGSPLKGSARQLTF","BOB44687WB_1",1,3.14415972331394e-05,0,40,"young",10378.13296,1
"200",28541,"CAMIALWSSNTGKLIF","BOB20722WB_2",4,0.000151480724077861,0,35,"young",45073.98031,1
"201",28541,"CAMIALWSSNTGNLIF","BOB20722WB_2",1,3.78701810194653e-05,0,35,"young",45073.98031,1
"202",28881,"CAATPAWVSGGCQKVTF","BOB20722WB_2",1,3.78701810194653e-05,0,35,"young",45073.98031,1
"203",28881,"CAATPAWVSGGYQKVTF","BOB20722WB_2",2,7.57403620389305e-05,0,35,"young",45073.98031,1
"204",28902,"CAENKQIGPPPWGKLQF","BOB13000_5",1,7.4360499702558e-05,0,33,"young",14152.79682,1
"205",28902,"CAENKRIGPPPWGKLQF","BOB13000_5",1,7.4360499702558e-05,0,33,"young",14152.79682,1
"206",28986,"CALRRELGDNYGQDFVF","BOB21170WB_1",1,7.43494423791822e-05,0,38,"young",28285.45089,1
"207",28986,"CALRRELGDNYGQNFVF","BOB21170WB_1",3,0.000223048327137546,0,38,"young",28285.45089,1
"208",29047,"CALTLKMRGPTLGRLYF","BOB5530WB_1",1,1.35900955383716e-05,0,41,"young",9765.87076,1
"209",29047,"CALTLKMRGSTLGRLYF","BOB5530WB_1",6,8.15405732302298e-05,0,41,"young",9765.87076,1
"210",29126,"CASLLSLGGQGAQKLVF","BOB26234WB_2",1,3.23991576219018e-05,0,33,"young",24513.04685,1
"211",29126,"CVSLLSLGGQGAQKLVF","BOB26234WB_2",1,3.23991576219018e-05,0,33,"young",24513.04685,1
"212",29154,"CAVEVSAGTGGSYIPTF","BOB26234WB_2",2,6.47983152438037e-05,0,33,"young",24513.04685,1
"213",29154,"CAVEVSAGTGGSYIPTY","BOB26234WB_2",1,3.23991576219018e-05,0,33,"young",24513.04685,1
"214",29301,"CILYLPYSSSNTGKLIF","BOB20722WB_2",4,0.000151480724077861,0,35,"young",45073.98031,1
"215",29301,"CILYLPYSSSNTGKLIS","BOB20722WB_2",1,3.78701810194653e-05,0,35,"young",45073.98031,1
"216",29313,"CIVRVEGFRYNNNDMRF","BOB21170WB_1",1,7.43494423791822e-05,0,38,"young",28285.45089,1
"217",29313,"CVVRVEGFRYNNNDMRF","BOB21170WB_1",1,7.43494423791822e-05,0,38,"young",28285.45089,1
"218",29461,"CAVFRGPLNQAGTALIF","BOB5530WB_1",2,2.71801910767432e-05,0,41,"young",9765.87076,1
"219",29461,"CVVFRGPLNQAGTALIF","BOB5530WB_1",10,0.000135900955383716,0,41,"young",9765.87076,1
"220",29541,"CAVRDIPRDTGRRVLTF","BOB5530WB_1",2,2.71801910767432e-05,0,41,"young",9765.87076,1
"221",29541,"CAVRDVPRDTGRRALTF","BOB5530WB_1",2,2.71801910767432e-05,0,41,"young",9765.87076,1
"224",30480,"CPVGAQFIKAAGNKLTF","BOB13000_5",1,7.4360499702558e-05,0,33,"young",14152.79682,1
"225",30480,"CLVGAQFIKAAGNKLTF","BOB13000_5",2,0.000148720999405116,0,33,"young",14152.79682,1
"226",31047,"CAAYYFKTIF","BOB22394WB_2",1,2.33754090696587e-05,0,39,"young",29965.73782,1
"227",31047,"CAPYYFKTIF","BOB22394WB_2",2,4.67508181393174e-05,0,39,"young",29965.73782,1
"228",31047,"CAPYYYKTVF","BOB22394WB_2",1,2.33754090696587e-05,0,39,"young",29965.73782,1
"229",31698,"CAVKGIKFYF","BOB13000_5",9,0.000669244497323022,0,33,"young",14152.79682,1
"230",31698,"CAVKGIKFYL","BOB13000_5",1,7.4360499702558e-05,0,33,"young",14152.79682,1
"231",31908,"CVVNRYQFYF","BOB22394WB_2",1,2.33754090696587e-05,0,39,"young",29965.73782,1
"232",31908,"CAENRYQFYF","BOB22394WB_2",3,7.01262272089762e-05,0,39,"young",29965.73782,1
"239",34471,"CAVIPTFFSSGAARQLTF","BOB20722WB_2",1,3.78701810194653e-05,0,35,"young",45073.98031,1
"240",34471,"CAVIPTFFSSGSARQLTF","BOB20722WB_2",1,3.78701810194653e-05,0,35,"young",45073.98031,1
"241",34500,"CAVRHPRASMEYGNKLVF","BOB22394WB_2",1,2.33754090696587e-05,0,39,"young",29965.73782,1
"242",34500,"CAVRHPRDSMEYGNKLVF","BOB22394WB_2",8,0.00018700327255727,0,39,"young",29965.73782,1
"243",34510,"CAVWEWATGSTSGSRLTF","BOB26234WB_2",1,3.23991576219018e-05,0,33,"young",24513.04685,1
"244",34510,"CAVWGWATGSTSGSRLTF","BOB26234WB_2",1,3.23991576219018e-05,0,33,"young",24513.04685,1
"245",34513,"CAYHLPKRPANAGNMLTF","BOB20722WB_2",1,3.78701810194653e-05,0,35,"young",45073.98031,1
"246",34513,"CAYHLPKRPANVGNMLTF","BOB20722WB_2",1,3.78701810194653e-05,0,35,"young",45073.98031,1
"247",34539,"CIVRVSYLQTQGAQKLVF","BOB26234WB_2",2,6.47983152438037e-05,0,33,"young",24513.04685,1
"248",34539,"CIVRVSYLQTQGAQKLVI","BOB26234WB_2",1,3.23991576219018e-05,0,33,"young",24513.04685,1
"249",35349,"CAGQPFLSNAGGTSYGKLTF","BOB13000_5",1,7.4360499702558e-05,0,33,"young",14152.79682,1
"250",35349,"CAGQPFLSNAGGTSYGRLTF","BOB13000_5",1,7.4360499702558e-05,0,33,"young",14152.79682,1
"251",35493,"CAFMKHIPISNFGNEKLTF","BOB26234WB_2",1,3.23991576219018e-05,0,33,"young",24513.04685,1
"252",35493,"CAFMKHVPISNFGNEKLTF","BOB26234WB_2",3,9.71974728657055e-05,0,33,"young",24513.04685,1
"253",35615,"CALSEARASGSSNTGKLIF","BOB20722WB_2",1,3.78701810194653e-05,0,35,"young",45073.98031,1
"254",35615,"CALSEAWASGSSNTGKLIF","BOB20722WB_2",1,3.78701810194653e-05,0,35,"young",45073.98031,1
"255",35877,"CAASATRSQANAGGTSYGKLTF","BOB22394WB_2",1,2.33754090696587e-05,0,39,"young",29965.73782,1
"256",35877,"RAASATRSQANAGGTSYGKLTF","BOB22394WB_2",1,2.33754090696587e-05,0,39,"young",29965.73782,1
