"","baseMean","log2FoldChange","lfcSE","stat","pvalue","padj"
"ABCA13",73.5428141450852,1.29130023378269,0.316028750418051,4.08602138911262,4.38833345503049e-05,0.0103359880644151
"ABCA7",522.026566528973,0.443661330968891,0.141821277194973,3.12831290017896,0.00175812905631362,0.0678108073794327
"ABCB6",26.5877435812743,0.661292450202186,0.190227849852264,3.47631774588087,0.000508349612498304,0.0399855829762719
"ABCC3",471.224197969949,0.671384997097526,0.17150867673397,3.9145832728855,9.05604799862266e-05,0.0163663177549464
"ABCC5",383.764447787388,0.432328344953421,0.122841038170522,3.51941298601926,0.000432502882640016,0.0380107632927159
"ABCC6",14.8473948652158,0.6883890497676,0.22721336327617,3.02970318225027,0.0024479418503399,0.0802678487217611
"ABHD16A",196.678995044552,0.25946168520623,0.0896823504650397,2.89311870017696,0.00381437114112356,0.0958476048477207
"ABHD4",334.337182294171,0.442237778963258,0.106171602295692,4.16531133938818,3.1092795441878e-05,0.00832203381031476
"ABHD5",286.599168889245,0.524958603326811,0.179645962466738,2.92218425684913,0.00347585844713323,0.0919335711802024
"ABLIM3",458.195124167814,0.619518018342047,0.191335667274839,3.2378595541842,0.00120430079685594,0.0575449174926023
"ABTB1",1486.58744106274,0.423204887119126,0.129100700550136,3.27809907549476,0.00104508707376519,0.0554398293034898
"AC003991.3",1.96035828425286,1.26244497232735,0.354267469228652,3.56353625997916,0.000365892125490757,0.034937753496185
"AC007278.2",47.7682029270976,1.60638058259005,0.374806699261278,4.2858907958586,1.82008385316767e-05,0.0065615880135116
"AC007278.3",54.1066808984062,1.63463718884587,0.361185725388383,4.52575247011256,6.01809872582661e-06,0.00418353332345105
"AC009495.2",12.5108764524782,0.744972198584783,0.237144035330429,3.14143342271612,0.00168123027845717,0.0659647232773918
"AC074367.1",5.7682129657737,1.05508908876882,0.342894815154518,3.0770050818452,0.00209091736186784,0.0746182933280716
"AC079767.4",14.3167526275614,-0.681532668736486,0.228999821273367,-2.97612751375431,0.00291913457817949,0.0868837014195183
"AC091878.1",8.04079898309417,1.34198028135483,0.392433154377828,3.41964043145752,0.000627039581162704,0.043154985251014
"AC138035.2",262.386499034884,0.714352019478366,0.244404727526065,2.92282406608597,0.00346872450801005,0.0919335711802024
"AC147651.4",20.7432609530243,0.482689901381356,0.163487232437481,2.95246236776282,0.0031525049357867,0.0886786193915816
"ACAA1",238.697979541242,0.401641994300679,0.101599622290758,3.95318393164158,7.71181103707369e-05,0.014545428532116
"ACHE",43.9219312743578,0.899063045104582,0.294267070102435,3.05526216301272,0.00224863870773804,0.0762422318084309
"ACRC",49.74061560977,0.517172238437074,0.169465829264528,3.05177887885465,0.00227489616201048,0.0766909173700671
"ACSL1",3526.6440719211,0.894375570338328,0.256724270063908,3.48379827943686,0.000494351925986663,0.03969421260252
"ACSL6",636.446227865789,0.566388867748631,0.187747145947724,3.0167641957462,0.00255488471335434,0.081613089441961
"ACTN1",2542.64167089599,0.404368636023855,0.122582273999706,3.29875293408919,0.000971153450143906,0.0534436937594769
"ACTR1A",546.086816626646,0.215456344583184,0.0686961668939436,3.13636632617095,0.00171055395216467,0.0666083801036879
"ADCY6",12.7319815486717,0.726168965623319,0.243154500118336,2.98645085848673,0.00282236195299202,0.0860225570871771
"ADM",135.657676533433,0.77082281173025,0.267304141035781,2.88369199498136,0.00393042971693647,0.0970736669333292
"AFF2",118.06223153494,0.703422814595926,0.23471377413713,2.99693879143606,0.00272705462002163,0.0846633038008474
"AFF3",354.961262645314,-0.600226519531367,0.180683688192407,-3.32197402840369,0.000893830132090153,0.0514316263302038
"AGPAT1",645.286972524511,0.462687560265752,0.135351892341525,3.41840481327206,0.000629893457418969,0.043154985251014
"AHSP",1085.85202090294,0.932185842526457,0.250275288784306,3.72464196147563,0.000195592621542366,0.0269933098402024
"AKT2",954.73280469361,0.336134749254771,0.105550304892791,3.18459287821279,0.00144957785409586,0.0617031151628996
"ALAD",329.484632818513,0.411120096108731,0.128211846445518,3.20656871815221,0.00134328217636691,0.0606620415447652
"ALOX5",1224.86108024639,0.569971234994042,0.167414602089392,3.40454911268554,0.000662733816833649,0.0443454275544182
"ALPK1",792.109612640078,0.713836873795721,0.21243759226447,3.36021918807593,0.000778806578431619,0.0486598648205963
"ALPL",441.668509448277,1.02956680117372,0.31387894126245,3.28013977947265,0.00103755667238686,0.0552835070545623
"ANK1",5064.22840413689,0.699211377024708,0.229221965211038,3.05036812846868,0.00228561027244021,0.0769053437383931
"ANKRD13D",456.109727995865,0.344655315928886,0.114541069129749,3.00901081636028,0.00262099784527706,0.0825045103123043
"ANKRD18B",3.73799983254468,1.74869661149313,0.424210588547603,4.12223706503946,3.75210770015404e-05,0.00933534965115791
"ANKRD33B",390.375246452037,0.466269606310819,0.146988075044038,3.17215941613715,0.00151309923017101,0.0622224757419807
"ANXA3",118.46858394645,1.47305502994536,0.321539092784247,4.58126263027613,4.62176989682239e-06,0.00388778882035083
"AP000347.2",104.759385568984,0.618743340887843,0.214486137875515,2.88477076894804,0.00391698758257527,0.0970170063066885
"AP3B2",2.83571462115717,1.57617015449355,0.514618884668062,3.06279112844878,0.00219283059231726,0.0758004641662895
"APEX1",278.034597585532,-0.216326140136992,0.0752157500606348,-2.87607502368323,0.00402653995711873,0.0978388285316401
"ARG1",159.50954140157,1.27715612786382,0.254705102049663,5.01425420058838,5.32395631372508e-07,0.000981432776582368
"ARG2",44.4850866995913,0.884329358386278,0.203216549611549,4.35166013829427,1.35110584453989e-05,0.00596682118594929
"ARHGAP4",762.163863415372,0.307791627032782,0.104536261595692,2.94435272827344,0.00323630928342118,0.0896072155041303
"ARHGEF37",62.016661856103,0.754935159991799,0.25624040628373,2.94619873165466,0.00321705635026225,0.0894663151536593
"ARSA",156.605716143531,0.4536762172776,0.116884778709694,3.88139689603549,0.000103858182463098,0.0180721573581727
"ARSG",209.339692358653,0.474879707715911,0.148237961815312,3.20349593248967,0.00135769957914447,0.0607857661513582
"ASPH",438.451859174536,0.699932351904935,0.16797736199677,4.16682547924757,3.08870776472999e-05,0.00832203381031476
"ATF3",54.2704280128061,-0.975905847889196,0.311869811680302,-3.12920908449324,0.00175277538598928,0.0677522476881852
"ATG16L2",1345.83750859748,0.536889742595862,0.186615069647653,2.87699028599117,0.00401487954478232,0.0978246167704548
"ATG4D",89.3892452430722,0.399213641350634,0.134879762891593,2.95977419289722,0.00307864604139989,0.0883739709081061
"ATG7",345.076214778186,0.412965123429178,0.129496866508023,3.18899703572051,0.00142767341620107,0.0615552074338733
"ATG9A",770.445194119793,0.501962161339474,0.146547469672292,3.42525300820244,0.000614227133915595,0.043154985251014
"ATP2C1",684.276168860802,0.202968503586809,0.0623487840047907,3.2553722871518,0.00113243815205611,0.0566700282041679
"ATP5G1",42.6614808757557,-0.32618936748054,0.106059166598519,-3.07554149199861,0.00210120690583366,0.0746837424377294
"ATP8B4",349.60830099948,0.800998785719852,0.184787447909795,4.3347034378161,1.45956754839355e-05,0.00597504403893041
"AURKB",7.91500367729989,0.712679994901536,0.235242607999157,3.02955319600984,0.00244915768248113,0.0802678487217611
"AZU1",9.95123027002826,1.73798827167254,0.386118013777635,4.5011841189918,6.75759362790309e-06,0.00418353332345105
"B3GNT5",244.631183320971,0.830628704666133,0.283808420547736,2.92672325600157,0.00342553545565948,0.0916849754912497
"B3GNTL1",103.60852232109,0.644389980436882,0.203201054941364,3.17119406994629,0.00151813682676443,0.0622224757419807
"B4GALT5",850.032125805824,0.478348564944238,0.157339008178443,3.04024139011813,0.00236388603650851,0.0780524239905099
"BAMBI",7.96668637721264,0.919492249914336,0.254949095086433,3.60657192998708,0.000310268879545972,0.0322405868069388
"BASP1",620.628057179264,0.707075788616463,0.211231494909892,3.34739755034205,0.000815741335155586,0.0495911228413385
"BBX",1352.84072576697,-0.189260264625482,0.0615535409166182,-3.07472586965968,0.00210696114443992,0.0747378887882152
"BCAM",177.090492455358,1.38915070239256,0.325982402481072,4.26142850601642,2.03124337035965e-05,0.00664479891433392
"BCL6",2322.93164418357,0.673119141377323,0.207227616588926,3.24821156782679,0.00116132884361372,0.057195557432729
"BCOR",729.941717599498,-0.270511843197968,0.0905451412940919,-2.98759093344768,0.00281185632141166,0.0859367507227284
"BEND7",27.0574191518226,0.825388517034745,0.227061969608727,3.63508040759557,0.000277893947836412,0.0306907575614929
"BIRC5",8.29834106604553,0.904104782738398,0.238412321228323,3.79218984186876,0.000149324689932152,0.0225454756209526
"BMS1P4",34.0113443050894,0.743018697765787,0.209731861369915,3.54270778370333,0.000396041286397841,0.0362490638560511
"BMX",13.318365846417,1.19720028510942,0.405522645438531,2.95224027209324,0.00315477345601731,0.0886786193915816
"BNIPL",2.98523690316225,1.17426512669437,0.325812048569495,3.60411817748938,0.000313214527887128,0.0323563428954744
"BPI",69.6151372781289,1.1001020957474,0.242647292154442,4.53374973188324,5.79456821810053e-06,0.00418353332345105
"BSG",8838.50276319527,0.669115736673024,0.225781965733678,2.96354819349161,0.00304114436517964,0.0882608997769544
"C15orf52",49.7735133013291,0.732522915161066,0.181231956491591,4.04190811235355,5.30180093966034e-05,0.0115625078517407
"C17orf62",479.989566308792,0.399265762138301,0.138472498178482,2.8833578319911,0.00393460206760621,0.0970736669333292
"C6orf163",33.0715521154119,0.558977176233043,0.1710769180657,3.26740265462565,0.00108539186272311,0.0560656704589922
"C6orf25",3839.98980767989,0.606368514221128,0.19857408635199,3.05361351705421,0.00226103161024371,0.0765155620593011
"C9orf139",33.0975917876499,0.916707875099231,0.236423159688123,3.87740302730284,0.000105577386820913,0.0180721573581727
"CA1",11677.4546543829,1.06802239898348,0.289711680554772,3.68650099622602,0.000227358552297539,0.0294804804044625
"CACNA1E",58.6185642042143,1.26286201256276,0.316095408286079,3.99519252560549,6.46417013281352e-05,0.0128015144207021
"CALCOCO1",715.323470986014,0.343050388235754,0.0882447665557955,3.88748706155679,0.000101287384822607,0.0178924165289136
"CAMKK2",711.980169915998,0.382839710213055,0.121610176861758,3.14808941235447,0.00164341416492133,0.0655145936487205
"CAT",1413.21341412732,0.584882657879712,0.182904317807445,3.1977520535926,0.00138503311613602,0.0607857661513582
"CCDC120",38.1041305741421,-0.281283561408407,0.0980231488695293,-2.8695625946765,0.00411039966802196,0.0989840699017418
"CCDC150P1",24.8285243067651,0.665627623719401,0.230214539884358,2.89133615997391,0.00383607553179409,0.096119537970415
"CCDC153",3.18490117842465,0.963981691414254,0.326716733255782,2.95051215102462,0.00317247565459875,0.0887711376196659
"CCDC6",862.545524558884,-0.203643254386036,0.0706010466039437,-2.88442259968793,0.00392132139841356,0.0970170063066885
"CCDC68",28.2781196519327,0.934817282515211,0.307032893059041,3.04468121705595,0.00232927056576157,0.0774623366238418
"CCDC81",4.05613752686155,0.868292142717498,0.259424398116627,3.34699492037425,0.000816927073129323,0.0495911228413385
"CCL3",36.3436695292729,-0.848737016222506,0.267614251929295,-3.17149408188749,0.00151656958171049,0.0622224757419807
"CCNA2",21.5454325536733,0.516423880772202,0.157668866379263,3.27537003741739,0.00105523654354482,0.0555869398396755
"CCNT2-AS1",6.18245782165171,-0.569309365314316,0.190077536139644,-2.99514280791215,0.00274316377202252,0.0850140140925927
"CCPG1",1243.62816326586,0.33609601357854,0.0984625786799014,3.41343907588665,0.000641484995139006,0.0434169825254044
"CCT6P3",73.0645053758613,0.402858138079895,0.125269355153779,3.21593527471543,0.00130020153210841,0.0598126564184769
"CD151",201.832867553847,0.503907748689501,0.15899861101265,3.16925880974778,0.00152828241836073,0.0624933076859777
"CD177",50.2707675786287,4.01815502233675,0.624703578767594,6.43209861269517,1.25854041548229e-10,1.11160582197473e-06
"CD59",362.762269278699,0.562327746674762,0.145348072197516,3.86883525988984,0.00010935649475719,0.0180721573581727
"CD83",346.93082807292,-0.936411553536559,0.301115510270312,-3.10980843429799,0.00187208715582199,0.0698178175492623
"CDCA4P4",14.2264030424271,0.815707735879744,0.210977731519303,3.86632148334153,0.000110489272271874,0.0180721573581727
"CDCA7",30.6221479233691,0.581804384665438,0.13640972583144,4.26512392074132,1.99791281225335e-05,0.00664479891433392
"CDH6",6.71764720979618,1.13413374076468,0.380304393257233,2.98217365056198,0.00286209608550606,0.0864664923236989
"CEACAM4",119.989351216579,0.962435973063909,0.273091721330022,3.52422244210339,0.000424727529254783,0.0375140590214287
"CEACAM6",18.9461579831972,0.829019679203653,0.280872567001782,2.95158650790696,0.00316145974606695,0.0886786193915816
"CEACAM8",35.873353117367,1.02813236521001,0.287289322558086,3.57873503983825,0.000345261280537663,0.0340728520709375
"CFLAR",4924.68355640423,0.368088379773566,0.125679932385006,2.92877608054378,0.003402994748851,0.091358514040202
"CH17-431G21.1",108.008186211405,0.349838105908331,0.1116709809804,3.13275752426436,0.00173172438052685,0.0670853315394884
"CHIT1",20.1951746622007,1.21235335994739,0.303813160241392,3.99045702623324,6.59460974969651e-05,0.0128015144207021
"chr22-38_28785274-29006793.1",382.103617444469,1.24892812778169,0.290995696843268,4.29191270293723,1.7714059454598e-05,0.00651914292219738
"CHRFAM7A",17.115399070895,0.714962561167074,0.226072209223104,3.16254069274609,0.00156398875550118,0.0633666545090101
"CLEC17A",24.4166638417433,-0.759822432502316,0.254322915930991,-2.98762865989036,0.00281150928870737,0.0859367507227284
"CLEC1A",14.9647654566025,0.786458072815198,0.223008304395497,3.52658648720293,0.000420953653802428,0.0373675693186929
"CLEC4D",142.29885543664,0.815706287784718,0.216066531941366,3.77525515152933,0.000159843964816326,0.0235303636540033
"CLTCL1",38.3466788520113,1.09355079980087,0.237165466867177,4.61091917911178,4.00892388177821e-06,0.00363199877499089
"CLU",2906.01728748024,0.563406474035984,0.18614458390622,3.02671430031953,0.00247227506458185,0.0802709862115366
"CMTM1",24.1628133103906,0.694831684013304,0.224272772351444,3.09815443367542,0.00194729924211772,0.0715775437762416
"CMTM5",147.338118392721,0.65141142014189,0.196733817065912,3.31113089684855,0.000929197325005359,0.0525215892825036
"CNN1",13.2270627833858,0.900512554048998,0.30378834090072,2.96427621737889,0.00303395821995136,0.0882608997769544
"CNOT7",886.89873246948,-0.180952234793645,0.0598464680036745,-3.0236075883799,0.00249780196329454,0.080517649054011
"CNR2",102.190536192809,-0.669753532382267,0.181719561713589,-3.68564356014614,0.000228125444713693,0.0294804804044625
"COL10A1",10.8068283662581,0.990832250395176,0.290461767172719,3.41123122688292,0.00064670223883902,0.0436030345385164
"COL6A3",63.3322503103993,0.738746899943234,0.202464970319905,3.6487640245914,0.000263505003399661,0.0305962669632207
"COLGALT2",26.4733220423688,-0.689555290867379,0.198484841512285,-3.47409548060979,0.000512578600711286,0.040065048590995
"CORO1C",1758.23855806659,0.339539722161261,0.101374038009225,3.34937552877555,0.000809939381419871,0.0495911228413385
"CR1",1888.70305426787,0.708623819858461,0.197328073707497,3.59109480239931,0.000329291821185069,0.0332396572641956
"CRISP3",10.0389981855142,1.67376656229912,0.32354914290776,5.1731447880123,2.30186502557199e-07,0.000527432600661855
"CSAD",130.844569906083,0.641208591450187,0.186473017823731,3.43861325854826,0.000584701894361496,0.0429529057312199
"CTC-137K3.1",4.57530333853268,0.864146287000042,0.280671014057065,3.07885832066844,0.0020779547632198,0.0743058115228296
"CTD-2095E4.3",14.514577768969,0.720559229295953,0.223275524680734,3.22721995761199,0.00124999330850783,0.0586683460309059
"CTD-2313J17.5",9.85676130240792,1.0953490408593,0.293573193921898,3.73109351785948,0.000190650430555847,0.0267288877441987
"CTD-3014M21.1",121.214113817429,-1.39231002992939,0.388341680473421,-3.58527065194765,0.000336728811294718,0.033797241201825
"CTSA",1549.45851281578,0.499161029289,0.137789425191261,3.6226367052198,0.000291615254912226,0.031148680959532
"CXCL3",3.72638612666252,0.833001544504527,0.262343379577828,3.17523371790446,0.00149715861353792,0.0622224757419807
"CXXC5",300.176708114015,-0.480960140139681,0.14809483627645,-3.24764962933528,0.00116362462804352,0.057195557432729
"CYB5R1",204.273200476079,0.311013688812335,0.0924272515835856,3.36495658459641,0.000765557040940844,0.0481265662925979
"CYB5R3",1269.99467257255,0.517534760610295,0.142928416190642,3.62093679062386,0.000293538230503964,0.031148680959532
"CYP1B1-AS1",11.3905136488857,0.970699264374299,0.281738456307329,3.44539143536525,0.000570232976207787,0.0426346387819286
"CYSTM1",238.519221064752,0.729207391913795,0.228106533620902,3.19678432852647,0.00138968789818499,0.0607857661513582
"DACH1",31.5821915803875,0.718709957698942,0.200604962718638,3.58271275026721,0.00034004446952473,0.0339252466098202
"DAPK2",145.027786306979,0.718761556821438,0.225414229564274,3.18862548389605,0.00142950950641981,0.0615552074338733
"DCAF8",902.635161537148,0.296539490441413,0.0993631470026151,2.98440115260851,0.00284133989585825,0.086241012474804
"DDAH1",18.5964114972506,1.26122006280428,0.251939115398618,5.00605100882718,5.55580399990019e-07,0.000981432776582368
"DDX10P1",24.9100294311903,1.10630512227465,0.262193085664403,4.21942904966867,2.44921783461833e-05,0.00727264410037859
"DDX60L",1790.22541432457,0.59341512802285,0.171907489133029,3.45194459540759,0.000556561997270222,0.0420156738537541
"DEFA1",102.511363020174,1.58577718712616,0.351027525516221,4.51752945810763,6.25653260877513e-06,0.00418353332345105
"DEFA3",62.3511044749603,1.33611905149953,0.390788945604434,3.41902980247548,0.000628448428722116,0.043154985251014
"DEFA4",6.71985537352033,1.62230294397568,0.373880052634567,4.33910002029804,1.43067401874691e-05,0.00597504403893041
"DGAT1",146.298649607303,0.303883546386848,0.100969352212139,3.00966124600248,0.00261539210990279,0.0825045103123043
"DGKH",450.644027118077,0.437832701650536,0.138305490528127,3.16569284399808,0.00154714069827325,0.0629729042281038
"DHRS13",102.625354138249,0.692490070559247,0.164330520406663,4.21400765265982,2.50878779157655e-05,0.00727264410037859
"DNAAF2",45.3286924999736,-0.360521527846217,0.11188077041639,-3.22237258918092,0.00127133694401073,0.0592563776146426
"DNAJC5B",2.05800460789815,-1.08586387472774,0.377500738938736,-2.87645496477814,0.00402169579273867,0.0978388285316401
"DOK3",1090.46686812009,0.488942461301056,0.159653509083216,3.06252248452744,0.00219479986072201,0.0758004641662895
"DRG1",146.545069640584,-0.224915151346778,0.0775429730726196,-2.90052267065054,0.00372540888649158,0.0948261498269075
"DYNLRB1",1059.26817324801,0.311821670472443,0.102040959921487,3.0558480703471,0.00224424944234927,0.0762422318084309
"DYSF",1730.31622008597,0.687664517206214,0.212787418420241,3.23169726063465,0.00123057354646513,0.0581232130970762
"DZIP1L",3.25443880316089,1.99906067413979,0.445866950989302,4.48353633231668,7.34160956846773e-06,0.00418353332345105
"E2F5",63.2648994193789,-0.603195952870366,0.204645798865759,-2.94751202425633,0.00320342293764993,0.0893972609693303
"E2F8",11.1889791694492,0.683963082998723,0.209752348885139,3.2608125088185,0.00111093471997472,0.0565665885386544
"ECHDC3",8.08812848626978,0.915991361164463,0.310187117169965,2.95302838338883,0.00314673028485697,0.0886786193915816
"EEF1A1",70936.6729337915,-0.302556528513561,0.102270815324793,-2.95838580686678,0.00309254799350886,0.0883739709081061
"EEF1B2",1156.45110411062,-0.357297456355084,0.118000107214925,-3.02794179419095,0.00246225508083069,0.0802709862115366
"EEF1B2P3",101.256949640039,-0.45815645789108,0.125472656071779,-3.65144464327736,0.000260769311420998,0.0305962669632207
"EEF1DP7",3.60181439560263,1.01639866704478,0.349882585783601,2.90497071972999,0.00367287457802088,0.0943042578789809
"EGF",381.104594020154,0.537689995520187,0.180324543122792,2.98179042191748,0.00286568099080396,0.0864664923236989
"EHD2",17.8630421922916,0.61130205621276,0.211486023854944,2.89050805849963,0.00384619670146287,0.0962366355968011
"EIF3D",989.032577261837,-0.208795392403835,0.0655173680375976,-3.18687088107716,0.00143820964001558,0.0615552074338733
"EIF3E",2070.82622334651,-0.369968612794624,0.124846763801514,-2.96338168110481,0.00304279014798558,0.0882608997769544
"EIF3F",1124.18210332077,-0.241381865612542,0.077923781282623,-3.09766622768306,0.00195050972692661,0.0715775437762416
"EIF3L",1800.83470369909,-0.324053125161802,0.102996698629586,-3.14624769020234,0.00165379884162643,0.0655145936487205
"EIF4B",5586.34443929115,-0.288059124826441,0.0951384345031839,-3.02778920349799,0.00246349864681093,0.0802709862115366
"EIF4HP2",3.38241868552857,1.84635123508884,0.486064516178595,3.79857235744078,0.000145531944507887,0.0223549721715811
"ELANE",8.30818007951659,1.54603198058608,0.362385364225465,4.26626495772106,1.98772697754451e-05,0.00664479891433392
"ENDOD1",1255.47770099914,0.530043706161091,0.156062348742109,3.39635863764283,0.000682888205651038,0.0453504517023519
"ENOPH1",172.249356122613,-0.243873612010151,0.0705039244871536,-3.4590076195629,0.000542169566716702,0.0411671649953314
"EPAS1",36.5699384878638,0.588169911222542,0.201085217853504,2.9249783624127,0.00344480174649127,0.0917834432153368
"EPS15L1",399.633182712266,0.253552065759171,0.0850565139956856,2.98098351141022,0.00287324262632388,0.0864664923236989
"ERG",17.8881751894601,1.7933157081324,0.310874501923044,5.76861626488855,7.99250638365262e-09,4.70625417557412e-05
"ERLIN1",162.079415006435,0.510309708145394,0.175644075740611,2.9053624837254,0.00366828002346993,0.0943042578789809
"ERMAP",317.883203118359,0.501455531448732,0.169607121850749,2.95657119805383,0.00311080402206559,0.0883739709081061
"ETV3",541.203746163334,-0.307952244884917,0.107444559317714,-2.86615019727801,0.00415497062113281,0.0993201028718689
"EXOC7",601.638414112594,0.211075465787611,0.0604822395068913,3.48987516845439,0.000483246222371457,0.039171656567782
"FAM151B",23.7771532665072,0.46352008665578,0.161953756308973,2.86205208955749,0.00420907724536395,0.0999372977679492
"FAM157C",836.283981117716,0.741279557356065,0.219955757427452,3.37013027540578,0.000751326542971669,0.0478611118323817
"FAM160A2",280.137410270279,0.516315135153207,0.119426275603284,4.32329596267682,1.53715300163306e-05,0.00603417950529957
"FAM204BP",6.00493861315552,1.11283711826347,0.340545435608016,3.2678080570265,0.00108383843101465,0.0560656704589922
"FAM209A",8.33573387705192,0.767608187687391,0.256561288102556,2.99190962660179,0.00277238321565611,0.0854697199032551
"FAM212A",9.74407991732228,0.567851250602292,0.191566162522988,2.96425654261435,0.00303415222092301,0.0882608997769544
"FAM214B",1440.76211881472,0.566032957371551,0.1682019120032,3.36519930499234,0.00076488386998953,0.0481265662925979
"FAM3C",189.330253413702,-0.389389248706239,0.128672848638313,-3.02619591333347,0.00247651783103807,0.0802709862115366
"FAM63A",518.125841662803,0.433058160673396,0.135357062622678,3.19937617057037,0.00137725337533863,0.0607857661513582
"FAR1",1269.18387893747,0.238742840157859,0.0770966797888557,3.09666824578831,0.00195708766736058,0.0715775437762416
"FAR2",174.312567954935,0.506724882476467,0.164724863271814,3.07618942527404,0.00209664599496002,0.0746718780261467
"FBL",361.108385081245,-0.294972913302929,0.0924599518611436,-3.19027759981878,0.00142136192402658,0.0615468163454744
"FBN1",16.6584628053243,0.96310629091842,0.219955431815069,4.37864290493252,1.19420622652696e-05,0.00569400783466004
"FERMT3",1248.18439593171,0.357393458840735,0.120909356236029,2.95587926333064,0.00311779112921488,0.0883739709081061
"FGD4",708.523890766621,0.419802968850355,0.137291360376652,3.05775227005288,0.0022300384842368,0.0762422318084309
"FGF2",36.2029194008204,0.725574975782475,0.24336129584156,2.98147235481052,0.00286865945620349,0.0864664923236989
"FHDC1",132.942588676412,1.1741079906664,0.247231354745903,4.74902542953383,2.04399242773677e-06,0.00240714174906467
"FHL1",587.792595505073,0.47951434474551,0.156145385474991,3.07094790721375,0.00213380375320827,0.0751463846539177
"FLCN",246.756066269776,0.601292388615922,0.123664641130352,4.86228224268336,1.16040003381722e-06,0.00186349696339829
"FN1",14.271391870628,2.04620972774234,0.448843605347738,4.5588479001657,5.14350042122392e-06,0.00395043195395307
"FSTL3",12.5049632413515,0.750380915933425,0.238504177076352,3.1461961175347,0.00165409050480211,0.0655145936487205
"FZD3",83.3144271853529,-0.288890175302733,0.0986294588188552,-2.92904552820587,0.00340004616917683,0.091358514040202
"GAB3",387.749587221123,0.22753201761425,0.0789310561684094,2.88266784532544,0.00394322995390906,0.0971508467723899
"GADD45A",152.797586003624,0.503410836144507,0.156664781566815,3.21329932043348,0.00131219461090444,0.0598723109931138
"GALNS",154.191786737966,0.375822886795436,0.12300042553134,3.05546005367011,0.00224715535104943,0.0762422318084309
"GALNT14",18.8397108634791,1.63771216539407,0.391199485955921,4.18638629187411,2.83430820430377e-05,0.00794731022682954
"GAS2L1",232.819690668201,0.534588839823371,0.170639952991614,3.13284685357152,0.00173119744996768,0.0670853315394884
"GATSL2",75.2053661148382,0.703936526336107,0.24247291607397,2.90315527908841,0.0036942341977476,0.0945777494249441
"GCA",974.797109230183,0.747980251717847,0.230098055783025,3.25070218073972,0.00115120381703513,0.0571236388424874
"GCNT2",223.222360252538,0.439611606328106,0.133077497753549,3.30342555089394,0.000955113265803108,0.053061385699092
"GCSAML",85.9159472618858,0.509142732727032,0.175844997112115,2.89540641524429,0.00378667920681087,0.0955595545547343
"GDF15",3.37605687689375,2.40997915073742,0.560847098986317,4.29703417400794,1.73098517252213e-05,0.00650592618566029
"GDI1",992.298037837583,0.353204507081189,0.0864142215215458,4.08734234784634,4.36342994662953e-05,0.0103359880644151
"GFI1B",540.663205282158,0.511459524099584,0.160520451829618,3.18625769034382,0.00144126161480245,0.0615552074338733
"GJB6",7.7213952972515,1.13443598828872,0.377247617452603,3.00713890772618,0.00263719226115463,0.0825045103123043
"GJC2",4.1649221014427,0.991002502252926,0.286293409840369,3.46149253943878,0.000537189009084124,0.0411671649953314
"GLDC",4.37855086814485,1.03508948041522,0.342490282907644,3.02224481123263,0.00250907538381893,0.0807337279693286
"GLO1",298.570199891032,-0.382751860228366,0.116594129236554,-3.28277129161291,0.00102792024759033,0.0550248823444947
"GLTSCR2",1077.49282113922,-0.30394935420593,0.104381639504976,-2.91190438900359,0.00359232575370717,0.0934586663317188
"GNAO1",75.996268438673,0.406313927342653,0.141175037310162,2.87808620478691,0.0040009579083453,0.0977550780787271
"GNE",188.36955415706,-0.29203032618023,0.0840023014177671,-3.47645625478618,0.000508087108774201,0.0399855829762719
"GP1BB",477.412531915623,0.756123111732134,0.204475520755886,3.69786617457664,0.000217419454545042,0.028877553868708
"GP6",218.74963482451,0.549572276812011,0.179828855598341,3.05608504810549,0.0022424763782994,0.0762422318084309
"GPATCH11",183.696296863981,-0.330997752024798,0.110271047142891,-3.00167415292506,0.00268499408848794,0.0836515354023622
"GPR141",83.8302758387777,0.745505878455342,0.208621195123898,3.57349059386125,0.000352253902614281,0.0344399202006291
"GPR18",145.341610778096,-0.515545773863322,0.154698403288461,-3.33258626400948,0.000860427916433669,0.0502016066991411
"GPR183",652.669209392198,-0.5147693224462,0.128687369757995,-4.00015419861527,6.33012235212362e-05,0.0127070012898027
"GPX1",2613.35371576965,0.684205110333087,0.205390729415167,3.33123657665224,0.000864610883482399,0.0502412870286729
"GPX7",56.3162987218544,-0.292841034917432,0.102273398535431,-2.86331577038561,0.00419232531465138,0.0998078526729334
"GRAMD1A",464.995102727943,0.302321535422942,0.105018732135685,2.87873914752979,0.00399268431885909,0.097728693914042
"GRB10",58.2191687454995,0.787405712974455,0.195082902115434,4.0362620426291,5.43095552215584e-05,0.0116997352803516
"GRK6",1218.92593411459,0.189678259191812,0.0661182957321052,2.86877114861432,0.00412069830236212,0.0989840699017418
"GSTM5",9.17338816115303,1.05306622403666,0.313677275959723,3.3571645278247,0.000787462388682762,0.0488088529687052
"GTF3C4",313.670113748293,-0.268901771173,0.0923058169716358,-2.91316170524366,0.00357789272089085,0.0933581608781933
"GTPBP2",601.506483202768,0.439015249414504,0.0999759303478413,4.39120944298352,1.1272189405491e-05,0.00553120071799998
"GTSE1",17.9511026364472,0.644468011382939,0.223240331860316,2.88687983041608,0.00389082802796047,0.0968048973435518
"GUSBP3",42.652430559492,0.983024641413931,0.292570708067827,3.35995577925742,0.000779549490191269,0.0486598648205963
"H19",14.1596605357545,0.969060953579899,0.229066440982506,4.23047980936635,2.33193375061264e-05,0.00722694907097758
"HAUS4",137.725509916295,0.449658494535963,0.152350483118516,2.95147403100892,0.00316261139069892,0.0886786193915816
"HBBP1",4.55427721484228,1.67092425394438,0.457917767225442,3.6489613933712,0.000263302665641876,0.0305962669632207
"HBD",1500.37199828506,1.35544043094602,0.287407218801759,4.71609737778,2.40411406033924e-06,0.0025029211089769
"HBE1",2.54157364745224,1.43900241481473,0.471519087707469,3.05184339792302,0.00227440726633242,0.0766909173700671
"HBG1",2249.33654541293,1.64846585559432,0.528103310843892,3.12148366000609,0.00179942233518136,0.0688025877726812
"HBG2",23567.6850997154,1.95944529784513,0.379279365741465,5.16623226790771,2.38859938029711e-07,0.000527432600661855
"HDAC10",96.2020860730598,0.343480291755293,0.117166365356556,2.93156052686304,0.00337263637835462,0.091358514040202
"HDAC5",396.452672913979,0.258550684670848,0.0775590915942959,3.33359609242591,0.000857310525582111,0.0502016066991411
"HK1",2156.98134871195,0.654329089605769,0.173480277499776,3.77177797405019,0.000162088453790294,0.0236635746793846
"HK3",261.366338150028,0.647957654590402,0.184379305619262,3.51426453426622,0.000440973429647282,0.0383733775109322
"HLA-DPB1",1321.54238178139,-0.480847305549055,0.163204316683805,-2.94629036363455,0.00321610339705885,0.0894663151536593
"HLX",146.832797236195,0.602782453660466,0.201658057476895,2.98913150906222,0.00279771686186019,0.0858015075777087
"HMG20B",189.079505465709,0.285904323720311,0.0817704857464138,3.49642442637501,0.000471538040043276,0.0387328068243625
"HMGB2",543.435974644252,0.405361005690195,0.116941317410619,3.46636257112479,0.000527551350585194,0.0406951729610806
"HMGB3P4",2.01642293958037,1.37319003895133,0.464006517430806,2.95941972228032,0.00308218993875317,0.0883739709081061
"HNRNPLL",323.860339815183,0.257147694204191,0.0825471851315231,3.11516006020647,0.00183845119956175,0.0694120085186559
"HOOK2",15.1972729753037,0.600532385996261,0.19726982976262,3.04421809822058,0.00233285950092747,0.0774623366238418
"HP",11.5463416438577,1.03965872141397,0.345745013385187,3.00701002520521,0.00263831061914412,0.0825045103123043
"HTRA2",82.0921550360321,0.224344137006421,0.0758038859892471,2.9595334603063,0.00308105241291038,0.0883739709081061
"ICA1",29.5921840261474,0.379891301357108,0.132205364048812,2.87349385624661,0.00405958973832541,0.0983712657441952
"ID3",50.5043020634527,-0.838741125807166,0.2587332783185,-3.24172109308133,0.00118810235691044,0.0575449174926023
"IFI27",219.726582881119,3.66969131487453,0.422816998397047,8.67914802098023,3.98744470664563e-18,7.04382107428951e-14
"IGF2",102.824232349037,1.0498213885388,0.317282877579976,3.30878677269366,0.000937011694636734,0.0527143681075092
"IGHEP2",13.9854440767697,0.689310956149396,0.222579281985581,3.09692326257954,0.00195540485555184,0.0715775437762416
"IKBKG",191.854229241268,0.388435705486157,0.0894693875394607,4.34154872598001,1.41481893279779e-05,0.00597504403893041
"ILF2",329.189575707343,-0.233024225171128,0.0812352867448134,-2.86850991125487,0.00412410277088491,0.0989840699017418
"ILK",587.070747269476,0.385616921934477,0.109823860798246,3.51123079385164,0.000446036973060817,0.0384520931848576
"INHBA",6.88692342161518,2.32127531888158,0.492243064763453,4.71570954483039,2.4086984915147e-06,0.0025029211089769
"IPO5",764.101516347086,-0.213238295182854,0.0656850200427064,-3.24637634340696,0.00116884213038297,0.057195557432729
"IQGAP3",5.96116958050315,1.76409375984702,0.364158506776573,4.84430193725879,1.27057590978798e-06,0.00187039362053372
"IRAK3",1695.75083445213,0.650496479812308,0.155932483950295,4.17165470165702,3.02395644848063e-05,0.00832203381031476
"IRF3",201.171888541365,0.246120650679958,0.0849337327761742,2.89779623048665,0.0037579466135618,0.0951997738379552
"ITFG1",443.521774238486,0.215119844931353,0.0690794343995789,3.11409389496485,0.00184510762126468,0.0694120085186559
"ITGA2B",1468.55808090735,0.728385368201896,0.217950529106827,3.34197568221952,0.000831843481097232,0.0496191004205053
"ITGA9",15.7317777213008,0.84369714899625,0.284472902261249,2.96582606740318,0.00301871158628681,0.0882608997769544
"ITGB3",5760.66611226865,0.604903713680198,0.20307582774308,2.97870859571473,0.00289465924873609,0.08673034477261
"ITGB4",17.4452620529895,1.30150936397261,0.294320306612462,4.42208483319616,9.77530586242791e-06,0.00523275085029664
"ITGB5",356.957547619641,0.554843560655501,0.183287967703524,3.02716849123988,0.00246856318174971,0.0802709862115366
"IVNS1ABP",1808.03424188375,0.328195353950479,0.106297049156082,3.08753024243007,0.00201827234271679,0.0731746173410802
"JADE2",1088.45083636557,-0.225996353745606,0.078114210152291,-2.89315290143759,0.00381395579631066,0.0958476048477207
"JAK3",1202.83688580485,0.282988159704571,0.0932239587221394,3.03557329664616,0.00240078862223772,0.0789756629643003
"JAM3",668.634884360647,0.675234281181025,0.188542704210333,3.58133338550057,0.000341845111607585,0.0339252466098202
"JUN",796.492800135925,-1.29386267888389,0.43593083156067,-2.96804581188201,0.00299699658809074,0.0882608997769544
"KAL1",2.16287732233098,1.47341314886234,0.452732719511842,3.25448788073246,0.00113597006891029,0.0566861900206224
"KBTBD8",158.297852521317,-0.503613781358678,0.146626862918917,-3.4346624577051,0.000593292329375468,0.0429529057312199
"KCNE1",37.4595525446809,1.2638394465497,0.274411532197019,4.60563532600483,4.11208465891978e-06,0.00363199877499089
"KCNQ5",53.9277725716753,-0.470668855275539,0.14174341393985,-3.32056948674363,0.000898339931771541,0.0515232951128061
"KCNT2",7.95819077405187,1.2222092196844,0.316424271458154,3.8625646953446,0.000112202837726719,0.018184065398555
"KDM4B",903.16040760909,0.327869245463328,0.105925513427165,3.09528115423082,0.00196626415107264,0.0716166107808209
"KIAA0319",21.2503070358013,0.881223067147183,0.289161436931102,3.04751240863819,0.00230743999160426,0.0773452133808147
"KIAA0825",252.187897776169,0.819860373525794,0.242676982948644,3.37840187216805,0.000729084477555702,0.0472546271808314
"KIAA1731NL",91.5462498755644,0.620340298637901,0.210725971194043,2.94382460369193,0.00324183665226529,0.0896197878908708
"KIDINS220",2063.52919778462,0.28065058758521,0.0909119273919812,3.08706014311126,0.00202146692682973,0.0731746173410802
"KIF1B",685.167032101805,0.453149648093128,0.12796322286918,3.54124910214549,0.000398237406668073,0.0362621844783068
"KIF3C",135.540334118091,0.436082379963034,0.150924528760115,2.88940693435035,0.00385969236944908,0.0964377166991768
"KIR2DL1",31.1381628347931,-0.679200173354704,0.228149421473095,-2.97699713183275,0.00291086733262128,0.0868589044438429
"KLHL2",251.503266170242,0.605138613605255,0.160151313313421,3.77854293596071,0.00015774865668842,0.0234170589949659
"KLK1",7.68099875827925,-1.02989283383179,0.290060125930322,-3.55061844687741,0.000384327152845478,0.0356197097335314
"KPNA1",1065.4434390449,0.303086768166999,0.10441754633566,2.90264212101572,0.00370029221299232,0.0945957481078283
"KREMEN1",171.76529708483,0.8321755352011,0.223404992847747,3.72496390789368,0.000195343168507886,0.0269933098402024
"LAMTOR1",379.41424180903,0.286188851787027,0.0916442311119568,3.12282451731637,0.00179124512778554,0.0686553800973675
"LATS1",1118.08509161783,-0.151958532779792,0.0490658585815573,-3.09703197238883,0.00195468790219814,0.0715775437762416
"LCN2",268.259167876647,0.72202282726196,0.194092303037548,3.71999721762424,0.000199224972715244,0.0270716087924214
"LGALSL",1239.77505404228,0.480070208786142,0.164709146235336,2.91465422387789,0.00356082822809361,0.0931595774941254
"LINC00152",244.734968248661,0.391566578290983,0.115767210212404,3.38236170304663,0.000718654526872303,0.0468451373328385
"LINC00534",13.8050140443233,0.831608697871728,0.261371274239356,3.18171421206052,0.00146406208999903,0.062020759759791
"LINC00671",4.11543501615494,2.19727615397204,0.502451091680835,4.37311449880934,1.22486440824841e-05,0.00569400783466004
"LINC00694",39.2318451462823,1.22659416240078,0.268763425143105,4.56384331963203,5.0225568240467e-06,0.00395043195395307
"LINC00937",40.3141397639376,0.881577817027643,0.227895867195315,3.86833613034369,0.000109580540917773,0.0180721573581727
"LINC01001",463.907592141998,0.584233168548691,0.198033535264195,2.95017289758157,0.00317596144781369,0.0887711376196659
"LINC01127",53.1420508303882,1.08718238964795,0.325570686923756,3.33931288446296,0.000839859101371701,0.0496191004205053
"LINC01270",58.7215547951325,1.14557794639088,0.34550177412657,3.31569338330289,0.000914160678434731,0.0520924141437081
"LINC01347",67.4996174566162,0.646268509767306,0.197793640185419,3.26738771358608,0.00108544915352252,0.0560656704589922
"LIPH",48.4360365111854,0.719625257527374,0.196504737639153,3.66212675670366,0.000250130033462037,0.0305504855461326
"LOXHD1",42.5796104797404,0.731311668309031,0.218023142274,3.35428459878795,0.000795704771292223,0.0491472894576123
"LOXL3",61.6754419758,0.476746521284916,0.153835360635817,3.09906980628169,0.00194129274572888,0.0715775437762416
"LRG1",283.354791990832,0.980489009912871,0.276033073953329,3.55207075684941,0.000382212065564574,0.0356197097335314
"LRP10",3399.10923670324,0.498994941086894,0.149146895682956,3.34566092577358,0.000820867099034183,0.0496191004205053
"LRRC37A15P",42.1023939807564,0.481516955107289,0.131760091776145,3.65449772094395,0.000257685952243065,0.0305504855461326
"LRRFIP2",564.316933975298,0.334070172892487,0.0900732869374604,3.70887067909977,0.000208185716817914,0.0280732876915149
"LSM5",99.7978138499189,-0.276494186122805,0.0803568085213212,-3.44083085441904,0.000579930942193692,0.0429529057312199
"LTA",29.4359913334327,-0.554885602070662,0.159796250035775,-3.47245696908678,0.000515717679943264,0.0401328317894174
"LTF",128.448790680162,1.92614605629773,0.340618169134001,5.65485411772022,1.55978696035638e-08,5.51072733093907e-05
"MAB21L3",9.93293556097715,1.33248803812706,0.386839024679553,3.44455433169096,0.000572001663816421,0.0426346387819286
"MAGI2-AS3",137.796886927318,0.814903260329011,0.261506240131136,3.11619049671766,0.00183203881889475,0.0694120085186559
"MAN2A2",1594.45457227939,0.641103536002737,0.162209777365827,3.95231129968742,7.73999593557262e-05,0.014545428532116
"MANBA",672.264878434209,0.219683965405389,0.0674721668776275,3.25591981955795,0.00113025664749551,0.0566700282041679
"MANSC1",64.5915271230484,0.898260891108882,0.285635007184474,3.14478571784007,0.00166208522415208,0.0656839720014463
"MAOB",15.7713502100441,0.94587060727666,0.257195405515864,3.67763415283217,0.000235407272597479,0.0301338367422787
"MAP1A",406.189523671701,0.623096928020171,0.174535848040012,3.57002263441793,0.000356950383718786,0.0344399202006291
"MAP1LC3B2",47.2397648649417,0.42042237405216,0.14477520635892,2.90396667099109,0.00368467382368118,0.0944699028959769
"MAP3K9",100.477500203016,-0.40955117019678,0.133743052080696,-3.06222389743035,0.00219699052664253,0.0758004641662895
"MAPK14",1456.17861409943,0.611654200771845,0.1421138936771,4.30397187034787,1.67762973711319e-05,0.00644246289263143
"MARC1",185.42737631526,0.699094173588814,0.218211596379664,3.20374437100249,0.00135652863192049,0.0607857661513582
"MCEMP1",51.9879486246318,0.656711329042086,0.207055509888539,3.17166797152901,0.00151566187466712,0.0622224757419807
"MCTP2",1560.15417266405,0.619690947487289,0.18820747621212,3.29259474681475,0.000992674444449276,0.0541222038925817
"MCU",222.702610104752,0.352167737212752,0.0996307923328468,3.53472785839371,0.000408195326606625,0.0367638973569962
"MED16",345.18598463903,0.406676330036882,0.116231107459195,3.49885963342175,0.000467252491323614,0.0387328068243625
"METTL22",153.641330130002,0.39713502474164,0.116867998767427,3.39815029717381,0.000678431371507364,0.0452244912365192
"MFN2",1225.14599411235,0.530795942155115,0.128053983676088,4.14509511471163,3.39672687164105e-05,0.00882399708640281
"MGAT4B",376.691228548135,0.328456080368852,0.108956869646231,3.01455136730073,0.00257359626722175,0.0819985204980355
"MICAL1",428.118320216576,0.448916460360985,0.125791991675602,3.56872050741252,0.000358728860283938,0.0344399202006291
"MINK1",769.018036169332,0.242186571263811,0.0808824441348557,2.99430332322812,0.00275072333963017,0.0850989978889088
"MKNK1",329.723703933732,0.659409936542794,0.161024087566195,4.09510121441751,4.2198399460713e-05,0.0102784404933546
"MLXIP",1407.07861164302,0.289676189379202,0.082765104541506,3.49997974368451,0.000465293513996334,0.0387328068243625
"MMP9",247.985407424276,1.29600758841547,0.288838684115466,4.48695988345307,7.22466715708203e-06,0.00418353332345105
"MOB2",228.142947672723,0.28033970719252,0.0958418818446743,2.92502298365605,0.00344430783342997,0.0917834432153368
"MPO",46.6440188626841,1.24538165168583,0.232734044028179,5.35109359219937,8.74242895307567e-08,0.00025739167909347
"MROH6",28.832923426196,0.682499303221795,0.186727266734233,3.65505967692008,0.000257122161064375,0.0305504855461326
"MRPL49",152.104786870854,-0.214518222284978,0.0732779380690714,-2.92745985951153,0.00341743171233478,0.091606875870097
"MRPS23",70.7320969849217,-0.279371289224147,0.0953760372209915,-2.92915597422892,0.00339883822490212,0.091358514040202
"MS4A3",20.3618866317119,1.69727567082576,0.296960930065155,5.71548476243447,1.09391723763362e-08,4.83101200069946e-05
"MSL3",555.818067119007,0.372025035591412,0.125799792917459,2.95727860089173,0.00310367548048397,0.0883739709081061
"MSRB3",132.156197483424,0.504995835981154,0.170632021630651,2.95956076213094,0.00308077941670059,0.0883739709081061
"MT-ND6",319.973773093406,0.466513353051575,0.159982188121795,2.91603308173543,0.00354512909128561,0.0931595774941254
"MT1X",54.4669829604153,0.618731661864033,0.197290792389544,3.13614058907711,0.00171187118975796,0.0666083801036879
"MTMR3",2066.97787673249,0.323144860116364,0.108230745320623,2.98570299187239,0.00282927289372487,0.0860225570871771
"MXD3",101.614231452909,0.788165804989367,0.240736408963197,3.27397840810137,0.00106044713987946,0.0555869398396755
"MYL9",1284.9685187747,1.02062328422895,0.226772605958154,4.50064627478545,6.77471648584458e-06,0.00418353332345105
"MYO10",18.0572277598462,0.99906531642896,0.248313360986938,4.02340539573911,5.73626321914504e-05,0.0120632249721663
"NAIP",1543.51831491551,0.777196674962423,0.202362347774551,3.84061898623694,0.00012272446954629,0.0193564978083502
"NARF",500.74739257733,0.630188116919254,0.147451703116758,4.27386122776924,1.92116633287715e-05,0.00664479891433392
"NBEAL2",2437.9106485177,0.453262100434981,0.132087707319783,3.43152371732547,0.000600200644983593,0.0431329356558303
"NBR2",17.645100984338,0.61279321252767,0.175195255952402,3.49777286603102,0.000469160506984686,0.0387328068243625
"NCF1B",501.596033517627,0.44845634662752,0.151506375648149,2.95998333211397,0.00307655686973217,0.0883739709081061
"NCF4",564.062031176374,0.602379930494315,0.176342567157033,3.415964393656,0.000635565567898691,0.0432883564149542
"NDNL2",239.597770164674,-0.422519066414445,0.126495454007374,-3.34019170672974,0.000837205762087334,0.0496191004205053
"NDUFAF4",62.2575831872598,-0.340580988174937,0.110925238793302,-3.07036515656798,0.00213797202863805,0.0751463846539177
"NECAB1",3.73176420692049,1.27924778431252,0.395583184474812,3.23382750965738,0.00122143201179068,0.0578758395209922
"NFATC1",456.198917742956,-0.257008381659502,0.0780021204712253,-3.29488967872753,0.000984603258889933,0.0538483485086398
"NGFRAP1",284.891343185467,0.477099595769167,0.157778470588494,3.02385739948958,0.00249574046170939,0.080517649054011
"NLK",588.656810403665,0.2621783796642,0.0881012618289624,2.97587542132128,0.00292153516236591,0.0868837014195183
"NLRP6",116.422921409541,1.04032275666001,0.233890394729122,4.44790713985862,8.67109982566191e-06,0.00478671807563493
"NME8",19.5107581044956,0.696246010461196,0.19862016974998,3.50541443669904,0.000455897013075045,0.0387183689229359
"NOD2",347.894953894233,0.427685384746976,0.139432518550579,3.06732883543111,0.00215981114843515,0.0752525915919268
"NOS3",9.95141314755066,-0.58017171109672,0.192849605209109,-3.0084153424511,0.00262613957293787,0.0825045103123043
"NOXRED1",4.8272296908493,0.820998990095502,0.279682604510379,2.93546676430866,0.00333046287134552,0.0910436277892923
"NPM1",1524.32334408443,-0.352394214496291,0.112136055499368,-3.14255939293564,0.00167477731960138,0.0658907379749629
"NQO2",145.600379289268,0.53939871699819,0.163916724144327,3.29068751107578,0.000999428679295344,0.0541561583427983
"NR4A1",103.011786364501,-0.769163244052118,0.240572101565438,-3.19722544321249,0.00138756433908321,0.0607857661513582
"NRG1",75.3659151404208,0.798253006751293,0.249824250546901,3.19525828659068,0.00139705751811217,0.0607857661513582
"NRGN",5186.06922802237,0.589949918515109,0.175723782635383,3.35725710923957,0.000787198739304401,0.0488088529687052
"NSUN7",61.2829095670262,1.37193140596331,0.321854283149678,4.2625855170779,2.02075126404216e-05,0.00664479891433392
"NT5M",89.6202187796609,0.641880591383621,0.20084499767861,3.19590031518112,0.00139395262867259,0.0607857661513582
"NTNG2",191.066024970941,0.967750220661698,0.22014584946259,4.39595033485358,1.10289151324112e-05,0.00553120071799998
"NUCKS1",1795.198803938,-0.282096283116718,0.0844387642719918,-3.34083860119077,0.000835257629554464,0.0496191004205053
"NUFIP1",48.8080753525267,-0.284139864703878,0.0821244338746485,-3.45986999603038,0.000540436240090673,0.0411671649953314
"NXPE3",596.936998274915,-0.169564048176914,0.0533379936999806,-3.17904811213355,0.0014775956315154,0.0621469686445702
"OCIAD2",95.7420795185642,-0.483547970924851,0.160666872069987,-3.00963082616194,0.00261565403912945,0.0825045103123043
"OPLAH",23.1113189441733,0.862636837518144,0.223913106122848,3.85255178874999,0.000116893243211887,0.018602875147189
"ORM1",8.70357475725095,2.00940698684655,0.447757861090394,4.48770900851004,7.19931699576568e-06,0.00418353332345105
"ORMDL3",739.151216876583,0.370490466234173,0.129221754355455,2.86709051492251,0.00414264511828494,0.0991596558462106
"OSBPL10",129.483052905369,-1.02306501683031,0.254913802083224,-4.01337631964038,5.98563715853166e-05,0.0122949163262165
"OSBPL2",748.005139616532,0.296333966989832,0.0933325575113025,3.1750331812556,0.0014981936839637,0.0622224757419807
"P2RX1",365.679585968382,0.510055658022378,0.138096950179138,3.6934606981598,0.000221222714006947,0.0291634271860651
"P2RY10",448.227517781336,-0.424204875274377,0.126740391416859,-3.34703775593635,0.000816800847200016,0.0495911228413385
"PACSIN2",914.193332680723,0.379574340238709,0.109405759437732,3.46941826636415,0.000521586742333462,0.0404115342250904
"PADI4",318.715824940083,0.819255707875087,0.208771604482044,3.92417211099008,8.70285024449028e-05,0.0160141509967626
"PAPSS2",75.4764505776813,0.395983581920938,0.135178167665647,2.92934568324947,0.00339676429589893,0.091358514040202
"PARD3B",20.4705307198842,1.13713333383958,0.344502027617814,3.30080302198134,0.000964085425986592,0.0532205282814161
"PARVB",250.997824306856,0.449621338362191,0.141706353107382,3.17290882520615,0.0015091991095776,0.0622224757419807
"PATZ1",249.068607932774,-0.312993341103125,0.0821175200297187,-3.81152939092476,0.000138109630294097,0.0214141255042052
"PC",19.9245697592863,0.457561888308544,0.152889949719028,2.99275321333694,0.00276473212701209,0.0853828549364835
"PCNX",3063.74373292232,0.308223235447074,0.10483170087191,2.94017203654532,0.00328030059969818,0.0899790529404788
"PCYT1B",189.575244943862,0.643496033769852,0.187144928556486,3.43849036537277,0.000584967353290962,0.0429529057312199
"PDIK1L",181.309531555754,-0.268023723078855,0.0925414391872213,-2.89625626565645,0.00377643871505222,0.0954374676700966
"PDLIM7",356.105202917782,0.472892346895069,0.148708271483642,3.18000029303741,0.00147274903380453,0.0620909586686326
"PF4V1",601.978504160325,0.694527529011066,0.237909428912339,2.91929383457506,0.00350825366671992,0.0924974642128469
"PFKFB2",198.878126050893,0.659729144309285,0.170347424627551,3.87284483902073,0.000107572315998907,0.0180721573581727
"PFKFB3",789.44261137382,0.655379052487931,0.220481147688027,2.97249474324794,0.00295390268439359,0.0875514948319007
"PFKFB4",294.075306780419,0.568698481647445,0.175480591923146,3.24080558091868,0.00119192445159366,0.0575449174926023
"PGLYRP1",21.154014091292,1.17975434518233,0.304688464251384,3.87200200729939,0.000107945063062426,0.0180721573581727
"PGS1",474.908753325593,0.785326687540387,0.200770789338718,3.91155849975502,9.17024371402695e-05,0.0163663177549464
"PHC2",842.345174094254,0.558581536137921,0.187595991744258,2.977577137679,0.00290536524493568,0.0868414163312839
"PHF21A",1401.42474937778,0.342424021995136,0.103616507506193,3.30472460649832,0.000950697655303031,0.053061385699092
"PHF5A",81.6208842331665,-0.238020081790118,0.0821438705681866,-2.89760002960343,0.00376029803610262,0.0951997738379552
"PHKB",986.459029405667,0.236785748334564,0.0754556315775796,3.13807920474581,0.00170058917093498,0.0664621851870939
"PHTF1",159.93371267051,0.662815065224544,0.157239145268134,4.21533113840241,2.49411954223479e-05,0.00727264410037859
"PIGQ",122.282675081717,0.481254614328008,0.133912955916761,3.59378680750763,0.000325906535290297,0.0331926000622859
"PIK3CB",821.145567172015,0.272803571929347,0.0751707104234305,3.62912057625459,0.000284388392607522,0.030934183788169
"PIK3R2",539.244992586338,0.512157841108851,0.175740297470944,2.91428800610475,0.00356500845661074,0.0931595774941254
"PITPNA-AS1",13.685837195772,-0.58316881151573,0.153007376180524,-3.81137711183076,0.000138194752758528,0.0214141255042052
"PKD2",133.227576286675,0.250748762844285,0.0789790433971099,3.17487718334989,0.00149899932341616,0.0622224757419807
"PKM",2960.51724023036,0.28917115737174,0.0892401933581428,3.24036901411929,0.00119375103476854,0.0575449174926023
"PKMYT1",2.5023421243604,1.18957641560439,0.361931935940736,3.28674067545997,0.0010135412261788,0.0545859931720992
"PLAC8",817.684333872778,-0.241763433243741,0.076813989472466,-3.1473880591816,0.0016473616979287,0.0655145936487205
"PLB1",147.784487902114,0.735204565594125,0.227081586234061,3.23762299615224,0.00120529971538425,0.0575449174926023
"PLD1",120.076803181132,0.481582112079558,0.129961238464368,3.70558266272289,0.000210905329108739,0.0282245654447415
"PLEKHG7",2.84399014632317,-1.39894018824253,0.381340533907776,-3.66848017415545,0.00024399661078625,0.0304727523978335
"PLEKHM3",230.861658482832,0.232920166074355,0.0794893948716921,2.93020429266474,0.00338739224209233,0.091358514040202
"PLIN4",72.3945923151765,0.806497228984306,0.271892754410098,2.96623288374893,0.00301472113184024,0.0882608997769544
"PLSCR1",342.231338612451,0.475368361145707,0.162462325617439,2.92602213675735,0.00343326506406044,0.0917528401764412
"PMEPA1",36.1812788417752,-0.896033683251224,0.221293091386973,-4.04908114227723,5.14191162164081e-05,0.0114876697911959
"PNKD",266.457196733262,0.31385538875435,0.109443104066664,2.86774933360052,0.00413402922446304,0.0990876882634188
"PNKP",155.870979191752,0.409952733033456,0.129453129153833,3.16680435392409,0.00154123971684779,0.0628775972242868
"PNP",743.638537877082,0.670235244768323,0.184718423992588,3.62841578160724,0.000285165743159904,0.030934183788169
"PNPLA6",486.926479108981,0.226032859202749,0.0737390392428696,3.06530789556775,0.00217446017488023,0.0754653025329258
"POLR1E",99.5898150952423,-0.266622413304135,0.0821801962174975,-3.24436330863088,0.00117713500199851,0.0574422370450379
"POLR2M",573.31749655373,-0.235871425025297,0.0813663670849209,-2.89888111606508,0.00374496861791825,0.0951868642237781
"POU2AF1",239.123101451918,-0.678136757578022,0.208861584555001,-3.24682377098142,0.00116700626229687,0.057195557432729
"PPFIA4",11.0475911125355,1.14430755513628,0.328016993525506,3.48856180540323,0.000485626537692854,0.039171656567782
"PPIAP29",2.74783276185167,1.60052303731518,0.445461236233235,3.59295693346745,0.000326946640862596,0.0331926000622859
"PPME1",230.273197154637,0.671910770986216,0.162961018757279,4.12313801245308,3.73745609355753e-05,0.00933534965115791
"PPOX",62.0025611000198,0.376020162190568,0.114339080163983,3.28864078363484,0.00100672421553295,0.0543846583100597
"PPP1R14BP3",18.4222298087545,0.768469557772582,0.252834084041279,3.03942231794633,0.00237032322727866,0.0781189548691743
"PPP1R3B",546.416218014743,0.605021461913866,0.208003550368507,2.90870737947495,0.00362926382598475,0.0938666844597666
"PPT2",38.6806398614847,0.395794603208415,0.121208985725624,3.26538994480459,0.00109313475385288,0.0561178862186378
"PRDX2",1183.51650696676,0.823264163649665,0.230586199065359,3.57030978864573,0.000356559292813143,0.0344399202006291
"PRKCD",929.514356517391,0.325603196462632,0.113433364815242,2.87043584568762,0.00409906366060192,0.0989840699017418
"PRKD3",765.284094745327,-0.238292323512106,0.082395198664609,-2.89206564671419,0.00382717969897309,0.0960328542363062
"PRPF19",300.631112749954,-0.226491065122459,0.0789277721268914,-2.8695991159909,0.00410992500134237,0.0989840699017418
"PRRT4",2.86600107178094,1.72884474572134,0.517615021483787,3.3400204282431,0.000837722275097001,0.0496191004205053
"PSTPIP2",620.244980257442,0.397864149795441,0.109235595683572,3.64225733659157,0.000270257701311267,0.0306907575614929
"PTGES3L",18.0168674523352,0.637231802692686,0.220181802502423,2.89411656844654,0.00380226977051464,0.0958161134039103
"PTGS1",2355.80466577791,0.517380662186408,0.180690309247211,2.86335589518835,0.00419179439401655,0.0998078526729334
"PTK2B",1789.87159378407,0.264834713090417,0.0814054252885821,3.25328087349926,0.00114080673990624,0.056767186085757
"PTOV1",159.613311643434,0.275285483727337,0.077134887453894,3.56888423402295,0.000358504783946464,0.0344399202006291
"PTPRF",95.75066090468,0.630134321460209,0.19708637365587,3.19724956003543,0.00138744832521356,0.0607857661513582
"PTPRN",13.4174362037105,1.1110657192351,0.255194836905406,4.35379388042611,1.33801518955916e-05,0.00596682118594929
"PTTG1IP",972.619119825087,0.218497340339894,0.0745272747433735,2.93177687084716,0.00337028797037685,0.091358514040202
"PYGL",1007.50442335913,0.596450516242628,0.174063300051397,3.42662994477589,0.000611121280804368,0.043154985251014
"RAB37",707.890247787748,0.360292770046053,0.116976491903533,3.08004423951416,0.00206969849908276,0.0741837909654834
"RAB44",42.3634407375936,0.618052539937145,0.20028036898391,3.08593669500777,0.00202912017954541,0.0732238579356599
"RALGAPA2",1270.67172957847,0.558784496805367,0.144955067668632,3.85488072816296,0.000115786063997358,0.0185941892773939
"RAP1GAP",382.131217930487,1.69829759613384,0.529374582177009,3.20812077744597,0.00133605377920693,0.0605163846402318
"RBPMS2",100.841796727088,1.12862057100393,0.267840630755852,4.21377655742123,2.51135743064305e-05,0.00727264410037859
"RDH14",67.6162317547996,-0.350831761460411,0.103859406029639,-3.37794885289726,0.000730286624419302,0.0472546271808314
"REXO2",243.590469886631,0.522648234010763,0.164731294315455,3.17273190976033,0.00151011898781188,0.0622224757419807
"RFNG",88.9467046842533,0.34842531208306,0.117763735762634,2.95868086917139,0.0030895887446995,0.0883739709081061
"RGL2",338.318697825341,0.447946204064462,0.145978508629615,3.06857638339776,0.0021508133685886,0.0751929862338589
"RGS6",179.598749632281,0.537694680607567,0.156491265640947,3.43594051978116,0.000590500599502673,0.0429529057312199
"RMDN3",95.6757337912711,0.335157810905315,0.111371342117205,3.00937211075898,0.00261788267070256,0.0825045103123043
"RN7SKP16",7.07981199343215,1.51100789246038,0.37171964519559,4.06491266197493,4.8050451964355e-05,0.0110235225188355
"RN7SL517P",4.41496011999763,1.09502514010423,0.352143289408809,3.10960104320771,0.00187340195405323,0.0698178175492623
"RND1",3.07333756990565,-1.53412950245351,0.488431705161906,-3.14092939962809,0.00168412624953884,0.0659647232773918
"RNF123",1058.89571359344,0.598968708120923,0.198450664315279,3.01822475720887,0.00254260253724947,0.0813678873559998
"RNF144B",660.171565993463,0.527879672224937,0.164037064297439,3.21805120376797,0.00129064775195164,0.0595281789509808
"RNF217",185.177596030925,0.339298701192675,0.112144725916236,3.02554309550061,0.00248187033126604,0.0802971417615654
"RNU12",81.8186821911408,-1.35281885866152,0.371736953760768,-3.6391831508151,0.000273504231798072,0.0306907575614929
"ROPN1L",38.2594560906868,0.82758956318043,0.257453727194103,3.21451770071475,0.00130663858612653,0.0598723109931138
"RP1-86C11.7",13.3311131616682,0.643407984156017,0.216827765520344,2.96736897422691,0.00300360270916479,0.0882608997769544
"RP11-10J21.4",6.78109628400911,0.927057172639567,0.316065875872804,2.93311376965177,0.0033558089704176,0.091358514040202
"RP11-1319K7.1",668.445998570435,0.864424244323525,0.196825676196033,4.39182662054002,1.12402319449187e-05,0.00553120071799998
"RP11-147I3.1",6.92979800410003,0.810383861358551,0.247512038916207,3.27411896773595,0.00105991977199759,0.0555869398396755
"RP11-153M7.1",2.30985023351874,1.57284451247078,0.449778759915135,3.49692927422262,0.000470646592459649,0.0387328068243625
"RP11-156E6.1",140.960120823636,-0.310472724808881,0.0911423832842141,-3.4064582647649,0.000658116115406098,0.0442038828085503
"RP11-171I2.2",40.5533298497782,0.589114003033694,0.200293210376368,2.9412579783743,0.00326882171103136,0.0898036322323001
"RP11-180M15.6",2.55574504104303,0.808775051077966,0.280685637734883,2.881426558212,0.00395879480434361,0.0973697691927916
"RP11-181E10.3",3.44876135160469,1.01668162493592,0.328169377828453,3.09803928588175,0.00194805602645413,0.0715775437762416
"RP11-206L10.5",44.5494457370535,0.810078021511682,0.252678945826987,3.20595773763578,0.0013461375763118,0.0606620415447652
"RP11-21K12.2",61.1914376254687,0.895903731057213,0.27886545222186,3.21267379633834,0.00131505557120454,0.0598723109931138
"RP11-230F18.5",22.6259780631735,1.02020439277425,0.268931604249888,3.79354593008817,0.000148511145066342,0.0225454756209526
"RP11-265O12.1",11.9910258121122,0.848186783997076,0.234221148670546,3.6213074216886,0.000293117955833432,0.031148680959532
"RP11-274B18.3",2.6169439572038,1.31186218198781,0.427573539425754,3.06815567621348,0.00215384381739783,0.0751929862338589
"RP11-326C3.15",9.02121524605248,1.19402603372617,0.398001902739611,3.00005106886976,0.0026993434389551,0.0839505314245456
"RP11-326K13.4",3.14482515262314,0.716733055206977,0.235509410204202,3.04333085707922,0.00233974931562413,0.0775453502073175
"RP11-347C12.1",42.1412524527276,0.705716120894812,0.224529597650295,3.1430872734826,0.00167175987739844,0.0658907379749629
"RP11-354E23.5",2.41805613976253,1.31043492628251,0.405195729863902,3.23407881599013,0.00122035772736783,0.0578758395209922
"RP11-366L20.2",6.52659306698302,0.943060753282358,0.321947227323385,2.92924017741294,0.00339791756013651,0.091358514040202
"RP11-380G5.3",25.8849397226224,0.797496657163363,0.273640730233238,2.91439310399302,0.00356380834999354,0.0931595774941254
"RP11-395L14.13",3.0833124197977,1.94626286587218,0.53361598257373,3.6473099184267,0.000265000217683145,0.0305962669632207
"RP11-407G23.5",4.08160525233357,1.26311814603674,0.365210878798994,3.45859945407581,0.000542991760198823,0.0411671649953314
"RP11-443B7.1",4.31338158148036,1.12917379189653,0.346528306883329,3.25853262047277,0.00111990000470939,0.0565665885386544
"RP11-449P15.1",2.36795004362286,1.40561683461693,0.39827515541323,3.52926065186901,0.000416722469046909,0.0371788000793618
"RP11-449P15.2",28.801664044045,0.577094820830841,0.170285261336788,3.38898866701958,0.000701509097673128,0.0460675026408766
"RP11-474P2.7",17.7585991792898,1.02171578031292,0.316394594347037,3.22924537450299,0.00124117351890556,0.058467547230578
"RP11-556I13.2",16.4006212609633,1.62976417324256,0.406958988946864,4.00473811245722,6.20862252596991e-05,0.0126063582668113
"RP11-556K13.1",5.53711365774035,-0.772760310754976,0.255988801424981,-3.01872701639036,0.00253839142553829,0.0813678873559998
"RP11-563J2.2",65.7208862822524,0.95191280570983,0.32473188419745,2.93138078529742,0.00337458860116572,0.091358514040202
"RP11-563J2.3",88.0217668253987,1.01400067558591,0.330280758525552,3.07011731507655,0.00213974704109372,0.0751463846539177
"RP11-616M17.1",3.05020168943294,1.00620304866988,0.346090628432686,2.90733977174301,0.00364517031247997,0.0941402537572496
"RP11-62H7.2",3.27339135975802,1.44066281936717,0.502796555264885,2.8652997008068,0.00416614741201642,0.0994526946395541
"RP11-631M6.2",25.0683073892075,0.624523178228338,0.19601187888908,3.18614964443939,0.00144179999941803,0.0615552074338733
"RP11-63N8.3",6.72109001205561,1.44870167415936,0.456649715330109,3.1724571931729,0.00151154841036961,0.0622224757419807
"RP11-712B9.4",5.1963198640815,0.913902686221526,0.242696652038856,3.76561719555658,0.000166138171640108,0.0238604130245732
"RP11-73M18.7",18.7250465171853,0.50696106311464,0.176295374736173,2.87563450756044,0.00403216307017685,0.097840879992684
"RP11-74J13.9",2.90334176780473,0.978788181676195,0.304658079050668,3.21274323243341,0.0013147377074764,0.0598723109931138
"RP11-803D5.1",27.2823788774598,0.810641252187286,0.262361931753931,3.08978229718017,0.00200303254958348,0.072805699564593
"RP11-848G14.5",405.305341301619,0.998981685629807,0.273131283097488,3.65751470977876,0.000254672648239307,0.0305504855461326
"RP11-849H4.4",4.65288184752591,0.786838484699764,0.258399540328881,3.04504599233538,0.00232644730363521,0.0774623366238418
"RP11-933H2.4",23.0249829132744,0.867697275743794,0.252437158616655,3.4372803136382,0.00058758715831616,0.0429529057312199
"RP11-981G7.6",20.8104311830211,0.69112862703712,0.233845712879553,2.95548983356005,0.00312172985262713,0.0883739709081061
"RP11-98J23.1",35.4653702434784,1.03446746619757,0.325647429061597,3.17664865089999,0.00148987413644899,0.0622224757419807
"RP3-370M22.8",86.6789021436405,0.483066255280246,0.162504888440362,2.97262599246378,0.00295263998852996,0.0875514948319007
"RP4-635A23.4",6.5187549993578,0.925202227085873,0.303908575264425,3.0443439323187,0.0023318838500259,0.0774623366238418
"RP4-706A16.3",180.816601757144,-0.407868224408678,0.109615016482815,-3.72091559620048,0.000198501779709484,0.0270716087924214
"RP6-159A1.4",348.915932595716,0.740684182488572,0.208720303032394,3.54869254081916,0.000387148840579565,0.0356197097335314
"RPL10A",2635.09521613678,-0.349616640579997,0.111957859066828,-3.12275210953532,0.00179168583214755,0.0686553800973675
"RPL13AP5",366.361740289353,-0.331489316685853,0.104944054462398,-3.15872412576387,0.00158461413004824,0.0639220783513889
"RPL14P1",227.117676660379,-0.334592011309655,0.111264715813427,-3.00717086152192,0.00263691505411767,0.0825045103123043
"RPL17",3945.86376062303,-0.329780820477506,0.11154554509872,-2.95646787315122,0.00311184648194238,0.0883739709081061
"RPL3",7675.67324474293,-0.305419619761153,0.101325561736531,-3.01424057786435,0.00257623429812679,0.0819985204980355
"RPL4P4",313.269311037938,-0.404487145598868,0.138872848955411,-2.91264382232655,0.00358383122140809,0.0933751895666283
"RPL7P18",14.376920131923,0.904313833738638,0.296548189186228,3.04946671979421,0.00229248030959825,0.0769898567852722
"RPL7P24",2.13815967804749,1.27644141831617,0.404408425992526,3.15631756480703,0.00159774801970276,0.0642920700866724
"RPRD2",962.4922456227,-0.182585048989618,0.0592817933753495,-3.07995150945519,0.0020703429915643,0.0741837909654834
"RPS20",4340.82586186605,-0.305270980998702,0.104463311259488,-2.92227938515566,0.00347479691229888,0.0919335711802024
"RPS23",4274.3751856623,-0.398099980365875,0.119622858203544,-3.3279591070169,0.000874847070805346,0.0506694213304145
"RPS23P8",13.0209016965226,-0.437114068738227,0.150209480152138,-2.91002983497115,0.00361394255908278,0.0936697824070807
"RPS27A",3395.58458329389,-0.337405016929153,0.114660774276592,-2.94263682639402,0.00325429940730293,0.0896836178315231
"RPS3A",8147.88126950326,-0.337442762972936,0.106693031339205,-3.16274417117381,0.0015628960955129,0.0633666545090101
"RPS3AP26",216.077741728944,-0.36019402314516,0.122326203406511,-2.94453692761292,0.0032343834679032,0.0896072155041303
"RPS3AP6",804.556332942382,-0.323151579814092,0.108079574863067,-2.98994125600061,0.00279031103762031,0.0857232077905439
"RPS4XP17",8.00975862358069,0.717718355598253,0.229738314042336,3.12406904607994,0.00178368595663915,0.0686466501612868
"RPS5",1957.02620958992,-0.34277776626787,0.110118666164074,-3.11280347109491,0.00185319378099,0.0695046032721621
"RPS6",7478.0311165088,-0.304228782730587,0.0985949022697437,-3.0856441431247,0.00203111748590282,0.0732238579356599
"RPS6KB2",227.691943166497,0.219355578695935,0.0728981144595215,3.00907067792182,0.00262048146916091,0.0825045103123043
"RRAS2",134.574285027795,-0.427887116760648,0.135464537169931,-3.15866518056967,0.00158493463446976,0.0639220783513889
"RRM2",46.0230035373474,0.684996366496507,0.168217449688019,4.07208864340127,4.65934395435674e-05,0.0108299093360147
"RSAD2",635.03003360676,0.944627782218133,0.271588711452253,3.47815554323658,0.000504876865540399,0.0399855829762719
"RSU1",2840.92482492922,0.540287526074458,0.146615026961479,3.68507606124445,0.00022863435128284,0.0294804804044625
"RTEL1P1",115.53103314834,0.777468493215125,0.241179158733651,3.2236139196162,0.00126583937769514,0.0591562238280019
"S100P",26.6614019513906,0.913300020822219,0.317432842504032,2.87714407122388,0.00401292333676224,0.0978246167704548
"SAMD14",50.5082907545372,0.833558006214687,0.241816337542491,3.44707067638975,0.000566700310022219,0.0425989828789043
"SAP25",61.9346936061929,0.646298834949751,0.207557914458561,3.11382409403996,0.00184679558470242,0.0694120085186559
"SBNO2",958.436186280879,0.416265893381172,0.140182432454868,2.96945834147363,0.00298325258949369,0.0882608997769544
"SCN9A",40.9141920788013,0.56036754486977,0.192557421011244,2.91013216695008,0.00361275945074681,0.0936697824070807
"SCRN1",288.402373970698,-0.339369653309177,0.118156468803744,-2.87220544710815,0.00407617874286528,0.0986379417708428
"SDK2",92.8042789614122,-0.810123664553065,0.22272822913887,-3.63727430368944,0.00027553844906383,0.0306907575614929
"SERPINB10",9.20704124322179,1.12542937492117,0.30086235314682,3.74067862977848,0.000183524059045463,0.0261447782503073
"SFXN5",84.0832108176189,0.370304687868059,0.113950376936255,3.2497012982696,0.00115526283365636,0.0571644760687383
"SGPP1",302.488183974365,-0.255103738584305,0.0838626319883648,-3.04192382871668,0.00235071371901108,0.0777628424088592
"SH3BGRL2",3905.01264995184,0.510345602811051,0.175116382806088,2.91432243307682,0.00356461529655344,0.0931595774941254
"SH3BP5L",235.269411561926,0.35846728825248,0.106418999426564,3.36845196989326,0.000755915663811747,0.0478611118323817
"SH3GLB2",339.845854421748,0.334099097676667,0.113829479409781,2.93508412239965,0.0033345727245781,0.0910436277892923
"SH3TC2",155.943783019651,0.524862682440966,0.18292505741509,2.86927712287092,0.00411411165303936,0.0989840699017418
"SHANK3",2.57978841110985,1.37379924964112,0.386127170663461,3.55789323833545,0.000373841190666796,0.0355048636189728
"SHROOM4",46.7303825179507,0.586372766764706,0.177505749586682,3.30340154124619,0.000955195055324724,0.053061385699092
"SIAE",145.772406035023,0.508391383397954,0.139039853066762,3.65644361803117,0.000255738628350696,0.0305504855461326
"SIGLEC1",81.336527224508,1.13665805933385,0.275197433140541,4.13033670540586,3.62232313929886e-05,0.0092736722109731
"SIPA1L2",282.170824826138,0.719533780575557,0.217696451949791,3.30521592856051,0.000949032540026084,0.053061385699092
"SIRT1",456.052234684215,-0.236377477448338,0.0734167866255568,-3.21966526067015,0.00128340362106957,0.0595047899375168
"SIRT6",46.8153136692389,0.310140075054698,0.0919383514587338,3.37334822882813,0.000742599721750185,0.0477019057626074
"SIRT7",127.150251143738,0.339174123179723,0.101429470891788,3.343940574644,0.000825974279931323,0.0496191004205053
"SLA",1263.94306233116,0.455244294780553,0.153392951279396,2.96783060097301,0.00299909566689368,0.0882608997769544
"SLC10A3",161.807606138126,0.303925298690083,0.102816214452191,2.95600553190378,0.00311651501193249,0.0883739709081061
"SLC11A1",1897.43480381714,0.849707061233617,0.204428104694037,4.15650804230344,3.23148801706939e-05,0.00852003519724341
"SLC12A9",418.938717165091,0.438396750881345,0.148009951868732,2.96194104076295,0.00305706316918186,0.0883739709081061
"SLC1A3",8.97814986207651,1.01532963971513,0.299302928185875,3.39231442161029,0.00069304861344618,0.0456817304348013
"SLC22A15",211.304785079275,0.651908445245874,0.177999712304656,3.66241291519673,0.000249850701857746,0.0305504855461326
"SLC22A18",41.9356354371889,0.464253295009084,0.160736608384049,2.88828599580651,0.00387347506254306,0.0966453912144394
"SLC22A4",163.760899996033,0.701851964165055,0.199913669919829,3.51077524836854,0.000446801982736741,0.0384520931848576
"SLC26A6",54.7904073368023,0.789641640696326,0.165984948378612,4.75730871027626,1.96191020573068e-06,0.00240714174906467
"SLC26A8",53.0457504912577,1.73593392108195,0.359780151548766,4.82498524059535,1.40013635672794e-06,0.00190256990319993
"SLC28A3",7.51403030273493,1.23747721431897,0.35317284130247,3.50388554724442,0.000458522380525306,0.0387328068243625
"SLC2A1",1023.27053611847,0.690234806922904,0.201504629683758,3.42540421034575,0.000613885362022659,0.043154985251014
"SLC2A4",12.034420558911,0.815246713487544,0.284781046317732,2.86271408869665,0.00420029392456,0.0998629773584822
"SLC37A3",145.790320883197,0.555211668278683,0.146844907047432,3.78093921976704,0.000156237817998141,0.0233893309740437
"SLC4A1",25650.4426252852,0.839037230043813,0.257430245728254,3.25927991744028,0.0011169540395567,0.0565665885386544
"SLC6A19",25.7598010485966,1.05569813186491,0.36434946956417,2.89748776944212,0.00376164404975334,0.0951997738379552
"SLC7A5",1348.10694054866,0.834301595003181,0.243835602588439,3.42157415138169,0.000622597450936193,0.043154985251014
"SLC8A1",907.115617029116,0.491425889169974,0.169392763631338,2.90110320320117,0.00371851388465955,0.0947872262229595
"SLCO3A1",675.976692130201,0.301922637194038,0.104794920324497,2.88108084112414,0.00396313977071142,0.0973697691927916
"SLED1",87.7559721808379,1.04405462069675,0.324408082084842,3.21833726825493,0.0012893611058993,0.0595281789509808
"SLMAP",902.509462835375,0.209262813526798,0.0592213936467358,3.53356786527317,0.000409990816831489,0.0367638973569962
"SLPI",21.3294333121436,0.933239037540273,0.320720334464172,2.90982185179944,0.00361634823671831,0.0936697824070807
"SMARCD3",105.372585007929,0.456876124418338,0.149325801481662,3.05959264832371,0.00221638222960222,0.0762422318084309
"SMIM3",163.754637577189,0.497098806594209,0.151045541532623,3.29105249681829,0.00099813284555661,0.0541561583427983
"SNORD3A",134.457579978369,-0.957096972719824,0.310444992700311,-3.08298408808211,0.00204936112487207,0.0737310881280349
"SOX5",10.3147306288488,-0.754957144661196,0.253469891991547,-2.97848844582446,0.00289673950839739,0.08673034477261
"SOX7",3.23793455973997,-0.912854061592156,0.314095783838837,-2.90629199295634,0.00365739976841199,0.0943042578789809
"SPATC1",2.23467775235297,1.68473564442449,0.450825535518219,3.73700137124643,0.000186227908481557,0.0263177280266137
"SPDYA",20.3941469962125,0.815239171432173,0.247219990441108,3.29762641757878,0.000975057705272298,0.0534919079615998
"SPIB",80.8228334295339,-0.786283242747763,0.217958997321452,-3.60748238159736,0.000309182525299298,0.0322405868069388
"SPIN1",396.415476859688,-0.239580053256263,0.072234312472425,-3.31670704760595,0.000910850691612618,0.0520717717389544
"SPRY3",51.9366837952413,0.491286977054388,0.1561347301327,3.14655795438235,0.001652045177385,0.0655145936487205
"SPTB",2794.88344475363,0.805057355024509,0.246068360981559,3.2716817059014,0.00106909863400822,0.0557098152500155
"SRGAP2",712.833432852585,0.510029464582953,0.119827856019491,4.25635141548384,2.07790018692335e-05,0.00667383760036383
"SRGAP2B",302.828801488141,0.397332141003854,0.116339103193331,3.41529313960392,0.000637134031581551,0.0432883564149542
"SRPK1",776.812098180174,0.408543650839008,0.11753886091664,3.47581767981189,0.000509298396244619,0.0399855829762719
"SS18L2",76.3118648096309,-0.357430234830925,0.121497444580234,-2.94187450662706,0.00326232103004672,0.0897646432956001
"SSH3",57.4993170424936,0.475830465784704,0.130095850848557,3.65753759771026,0.000254649915073494,0.0305504855461326
"ST3GAL2",819.782442357011,0.389380576383819,0.109686143411048,3.54995229365133,0.000385300967262947,0.0356197097335314
"ST3GAL4",93.1027464381726,0.513264321046561,0.175513149064447,2.92436392248933,0.00345160954830192,0.0918263293234239
"STAP1",70.6044029773284,-0.628578381241321,0.202528010077487,-3.10366146885473,0.00191141902276653,0.0709353299100228
"STEAP3",44.5946524039197,0.587455288167988,0.184141060479459,3.19024603550342,0.00142151718476952,0.0615468163454744
"STK11",606.597203049349,0.57480130962661,0.17228089774225,3.33641928478091,0.000848650675318217,0.049971380598321
"STK3",152.692155016729,0.326392926441661,0.103571425875018,3.15138006148072,0.00162500887087933,0.0652404129638258
"STOX2",2.72735392302852,2.20077498530364,0.546835531555777,4.02456471517555,5.70807961938251e-05,0.0120632249721663
"STRN4",465.438749273605,0.222075344505884,0.0755866147295423,2.93802474552532,0.00330310657952525,0.0904641515152148
"STX10",232.441073543746,0.336061658454003,0.0979396087432423,3.43131510087017,0.000600662449551896,0.0431329356558303
"STXBP2",1020.21859177841,0.29472972189566,0.0898636177996753,3.27974467434277,0.00103901071848937,0.0552835070545623
"STYK1",23.4238100918506,0.590365908391192,0.196563114354216,3.00344197501534,0.00266944447413606,0.0833140223244055
"SUMF1",128.524666732662,0.202217422650644,0.0624342802670864,3.23888450039917,0.00119998156408985,0.0575449174926023
"SVIL",963.214458952463,0.410305731161701,0.137400027620531,2.98621287249574,0.00282455947742968,0.0860225570871771
"SWAP70",382.066982838273,-0.511371162704925,0.156638847064192,-3.26465096168232,0.00109599041864874,0.0561178862186378
"SYCP2",57.9405189460108,0.407320552812388,0.135459728374623,3.00694942843761,0.00263883658796784,0.0825045103123043
"SYN1",5.22498898397902,-1.32598788557676,0.361282297423737,-3.67022656529874,0.000242335577468758,0.0304727523978335
"SYNM",178.032048794906,0.52640806711212,0.160845180100837,3.27276245879487,0.00106501942278323,0.0556614440930939
"SYPL1",598.972641084796,-0.281646237750425,0.0885626312160412,-3.18019275040928,0.00147177120786226,0.0620909586686326
"TACSTD2",5.20480961534095,1.39143685512765,0.421544685288717,3.30080511909349,0.000964078220293621,0.0532205282814161
"TAF1A-AS1",2.28168007022466,-1.0096937744688,0.331558405082031,-3.04529687377097,0.00232450736837774,0.0774623366238418
"TAF3",305.914570001713,-0.188185500631386,0.0588836853345449,-3.19588523650004,0.00139402547706802,0.0607857661513582
"TAGLN2",4198.66642822789,0.378769262531226,0.117613561133782,3.22045569303345,0.00127986974874667,0.0594971029252892
"TBC1D17",289.598180085932,0.369094373266523,0.104287876984624,3.539187717101,0.000401360334229932,0.0363591297649833
"TBC1D3L",72.2971063543385,0.78467972265939,0.240301669011814,3.26539439316508,0.00109311758483424,0.0561178862186378
"TBC1D9",437.55568764379,-0.455124068119287,0.134145058232962,-3.39277550820321,0.00069188315569013,0.0456817304348013
"TBKBP1",64.4622097938139,0.57475919816424,0.172893473915158,3.32435450077362,0.000886234640376417,0.0511612252361092
"TCIRG1",847.621935083024,0.377811586668788,0.123631174335367,3.05595727533835,0.00224343221271357,0.0762422318084309
"TCN1",9.52493031362597,1.48155382400697,0.365193104402595,4.05690525408628,4.97272425963184e-05,0.0112619453905637
"TDRD9",38.4314567891174,0.803302807209062,0.226244432530372,3.55059701679609,0.00038435844451454,0.0356197097335314
"TERF2IP",1347.45468632714,0.745485655695873,0.177432384058546,4.20151969242488,2.65129179520544e-05,0.00755404347779099
"TFAM",382.83695376617,-0.255693850285204,0.0785274425789443,-3.25610820737161,0.00112950696259221,0.0566700282041679
"TFR2",84.8980963795075,0.819462201356991,0.253099203031113,3.23771150419725,0.00120492588103982,0.0575449174926023
"TGFB1I1",75.1193251532853,0.754331783671359,0.208372268711964,3.62011599880444,0.000294470971992179,0.031148680959532
"TGM2",307.172974987737,0.758989440279824,0.247552144885497,3.06597804123607,0.00216959247995464,0.0754445888944857
"THBS1",4113.80536296846,0.68840225778869,0.195741486252764,3.51689501784893,0.000436626436735238,0.0381831980441979
"THEM5",27.9812140847083,1.30312181176855,0.282757643635925,4.60861745419844,4.05355362445845e-06,0.00363199877499089
"THUMPD3",193.27418053123,-0.266537675832005,0.0799843348640556,-3.33237347394365,0.00086108614943899,0.0502016066991411
"TICRR",10.8312590647214,0.754811151929615,0.235005483964393,3.21188739597235,0.00131866049851679,0.0598821020727483
"TIMP1",707.310705048235,0.450031509638984,0.119459839471017,3.76722011038841,0.0001650754487859,0.0238604130245732
"TJP2",222.563388508487,0.363244630923334,0.119944811451024,3.02843138047413,0.00245826898429762,0.0802709862115366
"TK1",11.1825295302905,0.878569740450524,0.260625756662391,3.37100120763814,0.00074895529488526,0.0478611118323817
"TLR2",1635.77553631943,0.875240038355334,0.202114439712065,4.3304181512326,1.48826457805229e-05,0.00597504403893041
"TMCC2",798.016529709555,0.574245218126093,0.195985229779737,2.93004334444731,0.00338914725908959,0.091358514040202
"TMCO3",244.46322325224,0.330029397526996,0.0906739978804294,3.63973581447463,0.000272917902821722,0.0306907575614929
"TMEM107",104.764846589026,-0.68818294563055,0.23221593703443,-2.96354743959074,0.00304115181478977,0.0882608997769544
"TMEM158",542.530140413319,1.03936463994578,0.297893884807685,3.4890432229476,0.000484752758667827,0.039171656567782
"TMEM165",447.643736400678,0.239643256944921,0.0832497034914898,2.8786079336537,0.00399434571219577,0.097728693914042
"TMEM17",8.09357331918174,0.678044878489324,0.211906168147525,3.1997411137994,0.0013755108023487,0.0607857661513582
"TMEM170A",423.195467702243,-0.191156595180322,0.062186640391485,-3.07391738767248,0.00211267926706303,0.0747905395845057
"TMEM234",73.7577896070594,0.536675625135406,0.164709626503402,3.25831365493578,0.00112076456204523,0.0565665885386544
"TMEM86B",218.329320092287,0.78093816728705,0.198987544514881,3.92455803799643,8.68891102305508e-05,0.0160141509967626
"TMEM91",123.970422357875,0.469682658549448,0.13235059548417,3.54877631514417,0.000387025699278407,0.0356197097335314
"TNFRSF13C",248.976694126752,-0.872977905108754,0.241799687949433,-3.61033511875878,0.000305801646211093,0.0321546790495176
"TOMM7",144.961945295724,-0.457991858824112,0.127201950999653,-3.60050970307336,0.000317593975696937,0.0326180091900371
"TOMM70A",388.724358245973,-0.237318096028513,0.0724511954411808,-3.27555804405159,0.00105453442037088,0.0555869398396755
"TONSL",10.9415597826207,0.589360420600899,0.175843209422208,3.35162456677992,0.000803388868417167,0.0494490047407291
"TPM4",3166.4540732462,0.394358412090816,0.132337691630365,2.9799402364695,0.00288304625450573,0.0866139661323873
"TRAPPC2B",20.481552477935,-0.383395905258366,0.132915503328678,-2.88450854608203,0.00392025118122641,0.0970170063066885
"TRBV29-1",66.1796476191574,-0.44328336300685,0.144904601065006,-3.05913932165611,0.00221973894048307,0.0762422318084309
"TREML1",653.736975840351,0.624804096478882,0.188722357206977,3.31070523771406,0.000930611799910762,0.0525215892825036
"TRIM25",1336.96111305843,0.553239649972503,0.163380900999758,3.38619536669908,0.000708689111458587,0.0463666413107998
"TRIM9",12.2976428721094,1.01951296944699,0.277987514213265,3.66747755679718,0.000244955043333844,0.0304727523978335
"TRMT10C",130.991021548949,-0.317504789470198,0.0912615132198719,-3.47906558052844,0.000503165436207561,0.0399855829762719
"TRPC2",5.05175897804663,0.949240927087333,0.298260359689964,3.18259163931154,0.00145963317618199,0.0619817789837856
"TRPM2",104.473319438678,0.693287899240738,0.172550110778363,4.01789309849387,5.87208241891339e-05,0.0122035689329535
"TSPAN17",138.598055817741,0.381616982169757,0.108862749979326,3.50548725107743,0.000455772328822705,0.0387183689229359
"TSPAN9",149.773030409396,0.667374384405154,0.201389303583617,3.31385218842101,0.000920201383750954,0.0522680303664328
"TSPO2",16.7533336653238,0.898601311577903,0.278485550682862,3.22674303702466,0.00125207848591291,0.0586683460309059
"TTC26",25.4224501733389,0.518720911178465,0.179625080087374,2.88779780043046,0.00387949171722447,0.0966589861562346
"TTC7B",235.110650509082,0.538922351832883,0.173043730981679,3.11437085166605,0.00184337636342674,0.0694120085186559
"TTLL7",54.9323411112265,0.494429894279402,0.169201848843111,2.92213056571179,0.00347645771573027,0.0919335711802024
"TTN-AS1",314.029099144834,0.598414216830927,0.147890227603881,4.04634049542313,5.20245447662423e-05,0.0114876697911959
"TUBA4A",1014.68165574224,0.412497341565583,0.120373694154507,3.42680636714628,0.000610724395937048,0.043154985251014
"TULP4",943.878160869786,-0.199927697424891,0.0641967316791711,-3.11429713313207,0.00184383703255835,0.0694120085186559
"TWISTNB",202.819940516738,-0.305568677428165,0.0954902604870762,-3.19999836495912,0.00137428367201542,0.0607857661513582
"TYK2",775.080871921333,0.323614305980642,0.105428316389124,3.06951981274382,0.00214403184142123,0.075147465235528
"TYMS",17.7839383944222,0.583105905468218,0.196956316377242,2.96058494692478,0.00307055431562936,0.0883739709081061
"UBE2N",588.789626945334,-0.222143013122627,0.0648427052103868,-3.42587516054225,0.000612821976755184,0.043154985251014
"UBE2O",2759.07424547137,0.711721498227886,0.216714647773298,3.28414117615348,0.0010229366664826,0.0549245477611401
"UBE3B",779.153203409744,0.335879504590398,0.100476711890754,3.34285923842323,0.000829199497698144,0.0496191004205053
"UBIAD1",160.153169605732,-0.252497314665289,0.0811783592087913,-3.11040180075412,0.00186833006841456,0.0698178175492623
"ULK1",757.401953008497,0.385653570864623,0.122467214081088,3.14903522349479,0.00163810449562697,0.0655145936487205
"UNC13D",813.709563870418,0.35815265783416,0.102282262559035,3.5016106299706,0.000462454930086502,0.0387328068243625
"UNC45A",166.833304274839,0.279365973139091,0.0896091909382966,3.11760401152888,0.00182327598127235,0.0694120085186559
"UPP1",151.058706205677,0.522067160373011,0.17967409423121,2.90563401811949,0.0036650985722847,0.0943042578789809
"UROD",206.959750252849,0.462501142807241,0.135304054295595,3.41823565609369,0.000630285094523725,0.043154985251014
"USP27X",25.8035198153689,-0.401977589588676,0.102767944443483,-3.91150754026945,9.17217921165973e-05,0.0163663177549464
"USP4",944.013604383998,0.298282621884229,0.0922424467522044,3.23368072277528,0.00122205990044325,0.0578758395209922
"UTP23",228.64880835828,-0.318897817525015,0.0752903534790129,-4.23557338741818,2.27969232099575e-05,0.00719120800899821
"UVSSA",222.051436725415,0.458139268445885,0.146853579528739,3.11970106493881,0.00181034660543203,0.0690707835528226
"VCL",5519.84942473622,0.522981543044615,0.160396843691339,3.26054759563111,0.00111197302920657,0.0565665885386544
"VEPH1",152.084897584636,0.543976190499639,0.188468842931363,2.8862924080122,0.00389809807818323,0.0968493706766622
"VNN1",211.73637990406,0.926234904888599,0.226264935886763,4.09358569527602,4.2475298953574e-05,0.0102784404933546
"VPS8",1108.09150312841,0.392111573516059,0.114684166398237,3.4190558804296,0.000628388201331731,0.043154985251014
"VRK3",231.972176482024,0.231997461142091,0.0715909217668933,3.240598883438,0.00119278894592053,0.0575449174926023
"WBP5",17.7928637946051,0.668509949833841,0.183729811144163,3.63854915906542,0.000274178296852248,0.0306907575614929
"WDR13",183.500166753484,0.256308524413299,0.0883386609422372,2.90143094404492,0.00371462642247555,0.0947872262229595
"WDR74",69.4240601263409,-0.398901745862848,0.132099074777052,-3.0197164252368,0.00253011454030023,0.0812626788261882
"WIPI2",1249.01162260224,0.393241983611716,0.134680735032496,2.91980871293013,0.00350246298758346,0.0924828231325289
"WNT16",8.13278727116228,-1.40554198905421,0.400459719925681,-3.50982113585621,0.000448408219421492,0.0384520931848576
"WSB1",1219.81742361023,0.392574300558981,0.116302416895405,3.37546124180754,0.000736920710845932,0.0475098699163993
"XXcos-LUCA16.1",6.61189742078741,1.30637182544255,0.360063677768411,3.6281688659604,0.000285438548399182,0.030934183788169
"YPEL4",138.949456925469,0.65350303229027,0.220396390621074,2.96512583735472,0.00302559141610722,0.0882608997769544
"YWHAH",1412.40740060061,0.461962840732366,0.125720928843711,3.67451024249631,0.000238306085018632,0.0302854459845621
"ZBTB33",763.286409740841,-0.268570360236649,0.0839227834907637,-3.200207965769,0.00137328458824928,0.0607857661513582
"ZFAND2B",153.174828430815,0.223657399866903,0.0747894475303337,2.99049407707137,0.002785265307878,0.0857172677067333
"ZFP1",100.661071099019,-0.259825773163172,0.0882017789290939,-2.94581102918625,0.00322109122206212,0.0894663151536593
"ZFYVE1",245.718705973878,0.313027061026258,0.0895577036300301,3.49525555411064,0.000473608054008622,0.0387328068243625
"ZKSCAN2",68.6526178882839,-0.408576181147562,0.105630062952287,-3.86799145743305,0.000109735508246067,0.0180721573581727
"ZNF273",117.961669300817,-0.28143564684541,0.0953129393411065,-2.9527538316514,0.00314953013374491,0.0886786193915816
"ZNF329",84.6148716101518,-0.452859350563927,0.114099047152819,-3.96900203695292,7.21742649785187e-05,0.0138582433787558
"ZNF415P1",21.0258912042201,0.720048761009,0.242904055147987,2.96433404773879,0.00303338805519606,0.0882608997769544
"ZNF430",283.376935905676,-0.330915797827304,0.0910359740605986,-3.63500035279491,0.000277980255297983,0.0306907575614929
"ZNF438",161.964732083644,0.454218490157922,0.155727278051914,2.91675611260926,0.00353692213590999,0.0931143510146795
"ZNF487",51.8801073020913,0.4614599400106,0.154674462718129,2.9834268172086,0.00285040192645638,0.0863676672913414
"ZNF669",47.2765526400547,-0.310103964165379,0.107670753468759,-2.8801132542957,0.00397532341502712,0.0975334557311862
"ZNF692",59.5656985460553,0.533393495802486,0.167418685222522,3.18598545373555,0.00144261850425268,0.0615552074338733
"ZNF724P",41.5293410432047,-0.363359548020162,0.107866499660517,-3.36860423916366,0.000755498230996339,0.0478611118323817
"ZNF766",244.520767775858,-0.304767364620286,0.0952030449593141,-3.20123547256846,0.00136839655582117,0.0607857661513582
"ZNF788",8.95534846660633,0.57851995476787,0.196581439418972,2.94290222148022,0.00325151096802328,0.0896836178315231
"ZNF830",122.585201182908,-0.171473834296292,0.0561029913294557,-3.05641161429948,0.00224003511800583,0.0762422318084309
"ZNF853",25.2119010346337,-0.534401164745884,0.133856099481886,-3.9923557224092,6.54201368190604e-05,0.0128015144207021
"ZNF860",30.3412862928241,-0.932016749795599,0.301090528990612,-3.09547016613285,0.00196501139822486,0.0716166107808209
"ZNF91",1535.75418856081,-0.263310856315781,0.0770027874904788,-3.41949772075898,0.00062736858094735,0.043154985251014
"ZNF92",390.669686683293,-0.397980223702292,0.12804687321606,-3.10808232724871,0.00188305604406713,0.0700298631967282
"ZNRF1",58.3605994724316,0.345847960835692,0.112537331747801,3.07318429772927,0.00211787646615929,0.0748245755494078
"ZSWIM8",512.052574781885,0.287797327382454,0.0837676071283989,3.43566370400576,0.000591104221457255,0.0429529057312199
